{
  "Version": 3,
  "Meta": {
    "Duration": 40.0,
    "Fps": 60.0,
    "Loop": true,
    "AreBeziersRestricted": true,
    "CurveCount": 48,
    "TotalSegmentCount": 1114,
    "TotalPointCount": 1254,
    "UserDataCount": 1,
    "TotalUserDataSize": 0
  },
  "Curves": [
    {
      "Target": "Parameter",
      "Id": "Param86",
      "Segments": [
        0,
        3.9,
        1,
        4.344,
        5.933,
        8.689,
        7.967,
        13.033,
        10,
        2,
        13.067,
        0,
        2,
        21.833,
        0,
        1,
        26.178,
        3.333,
        30.522,
        6.667,
        34.867,
        10,
        2,
        34.9,
        0,
        2,
        40,
        0
      ]
    },
    {
      "Target": "Parameter",
      "Id": "Param88",
      "Segments": [
        0,
        5,
        0,
        1,
        -5,
        0,
        2,
        5,
        0,
        3,
        -5,
        0,
        4,
        5,
        0,
        5,
        -5,
        0,
        6,
        5,
        0,
        7,
        -5,
        0,
        8,
        5,
        0,
        9,
        -5,
        0,
        10,
        5,
        0,
        11,
        -5,
        0,
        12,
        5,
        0,
        13,
        -5,
        0,
        14,
        5,
        0,
        15,
        -5,
        0,
        16,
        5,
        0,
        17,
        -5,
        0,
        18,
        5,
        0,
        19,
        -5,
        0,
        20,
        5,
        0,
        21,
        -5,
        0,
        22,
        5,
        0,
        23,
        -5,
        0,
        24,
        5,
        0,
        25,
        -5,
        0,
        26,
        5,
        0,
        27,
        -5,
        0,
        28,
        5,
        0,
        29,
        -5,
        0,
        30,
        5,
        0,
        31,
        -5,
        0,
        32,
        5,
        0,
        33,
        -5,
        0,
        34,
        5,
        0,
        35,
        -5,
        0,
        36,
        5,
        0,
        37,
        -5,
        0,
        38,
        5,
        0,
        39,
        -5,
        0,
        40,
        5
      ]
    },
    {
      "Target": "Parameter",
      "Id": "Param89",
      "Segments": [
        0,
        0,
        0,
        0.5,
        -5,
        0,
        1.5,
        5,
        0,
        2.5,
        -5,
        0,
        3.5,
        5,
        0,
        4.5,
        -5,
        0,
        5.5,
        5,
        0,
        6.5,
        -5,
        0,
        7.5,
        5,
        0,
        8.5,
        -5,
        0,
        9.5,
        5,
        0,
        10.5,
        -5,
        0,
        11.5,
        5,
        0,
        12.5,
        -5,
        0,
        13.5,
        5,
        0,
        14.5,
        -5,
        0,
        15.5,
        5,
        0,
        16.5,
        -5,
        0,
        17.5,
        5,
        0,
        18.5,
        -5,
        0,
        19.5,
        5,
        0,
        20.5,
        -5,
        0,
        21.5,
        5,
        0,
        22.5,
        -5,
        0,
        23.5,
        5,
        0,
        24.5,
        -5,
        0,
        25.5,
        5,
        0,
        26.5,
        -5,
        0,
        27.5,
        5,
        0,
        28.5,
        -5,
        0,
        29.5,
        5,
        0,
        30.5,
        -5,
        0,
        31.5,
        5,
        0,
        32.5,
        -5,
        0,
        33.5,
        5,
        0,
        34.5,
        -5,
        0,
        35.5,
        5,
        0,
        36.5,
        -5,
        0,
        37.5,
        5,
        0,
        38.5,
        -5,
        0,
        39.5,
        5,
        0,
        40,
        0
      ]
    },
    {
      "Target": "Parameter",
      "Id": "Param87",
      "Segments": [
        0,
        0,
        2,
        1.65,
        0,
        1,
        5.994,
        3.333,
        10.339,
        6.667,
        14.683,
        10,
        2,
        14.733,
        0,
        2,
        40,
        0
      ]
    },
    {
      "Target": "Parameter",
      "Id": "Param91",
      "Segments": [
        0,
        5,
        0,
        1,
        -5,
        0,
        2,
        5,
        0,
        3,
        -5,
        0,
        4,
        5,
        0,
        5,
        -5,
        0,
        6,
        5,
        0,
        7,
        -5,
        0,
        8,
        5,
        0,
        9,
        -5,
        0,
        10,
        5,
        0,
        11,
        -5,
        0,
        12,
        5,
        0,
        13,
        -5,
        0,
        14,
        5,
        0,
        15,
        -5,
        0,
        16,
        5,
        0,
        17,
        -5,
        0,
        18,
        5,
        0,
        19,
        -5,
        0,
        20,
        5,
        0,
        21,
        -5,
        0,
        22,
        5,
        0,
        23,
        -5,
        0,
        24,
        5,
        0,
        25,
        -5,
        0,
        26,
        5,
        0,
        27,
        -5,
        0,
        28,
        5,
        0,
        29,
        -5,
        0,
        30,
        5,
        0,
        31,
        -5,
        0,
        32,
        5,
        0,
        33,
        -5,
        0,
        34,
        5,
        0,
        35,
        -5,
        0,
        36,
        5,
        0,
        37,
        -5,
        0,
        38,
        5,
        0,
        39,
        -5,
        0,
        40,
        5
      ]
    },
    {
      "Target": "Parameter",
      "Id": "Param90",
      "Segments": [
        0,
        0,
        0,
        0.5,
        -5,
        0,
        1.5,
        5,
        0,
        2.5,
        -5,
        0,
        3.5,
        5,
        0,
        4.5,
        -5,
        0,
        5.5,
        5,
        0,
        6.5,
        -5,
        0,
        7.5,
        5,
        0,
        8.5,
        -5,
        0,
        9.5,
        5,
        0,
        10.5,
        -5,
        0,
        11.5,
        5,
        0,
        12.5,
        -5,
        0,
        13.5,
        5,
        0,
        14.5,
        -5,
        0,
        15.5,
        5,
        0,
        16.5,
        -5,
        0,
        17.5,
        5,
        0,
        18.5,
        -5,
        0,
        19.5,
        5,
        0,
        20.5,
        -5,
        0,
        21.5,
        5,
        0,
        22.5,
        -5,
        0,
        23.5,
        5,
        0,
        24.5,
        -5,
        0,
        25.5,
        5,
        0,
        26.5,
        -5,
        0,
        27.5,
        5,
        0,
        28.5,
        -5,
        0,
        29.5,
        5,
        0,
        30.5,
        -5,
        0,
        31.5,
        5,
        0,
        32.5,
        -5,
        0,
        33.5,
        5,
        0,
        34.5,
        -5,
        0,
        35.5,
        5,
        0,
        36.5,
        -5,
        0,
        37.5,
        5,
        0,
        38.5,
        -5,
        0,
        39.5,
        5,
        0,
        40,
        0
      ]
    },
    {
      "Target": "Parameter",
      "Id": "Param68",
      "Segments": [
        0,
        6.37,
        0,
        3,
        2.843,
        0,
        5.667,
        6.369,
        0,
        8.733,
        2.843,
        0,
        11.267,
        6.369,
        0,
        14.333,
        2.843,
        0,
        17.033,
        6.369,
        0,
        20.067,
        2.843,
        0,
        22.7,
        6.369,
        0,
        25.767,
        2.843,
        0,
        28.433,
        6.369,
        0,
        31.5,
        2.843,
        0,
        34.133,
        6.369,
        0,
        37.267,
        2.843,
        0,
        40,
        6.37
      ]
    },
    {
      "Target": "Parameter",
      "Id": "Param109",
      "Segments": [
        0,
        -17,
        0,
        3,
        8,
        0,
        6,
        -17,
        0,
        9,
        8,
        0,
        12,
        -17,
        0,
        15,
        8,
        0,
        18,
        -17,
        0,
        21,
        8,
        0,
        24,
        -17,
        0,
        27,
        8,
        0,
        30,
        -17,
        0,
        33,
        8,
        0,
        36,
        -17,
        0,
        38.467,
        -7.49,
        0,
        40,
        -17
      ]
    },
    {
      "Target": "Parameter",
      "Id": "Param110",
      "Segments": [
        0,
        -14,
        0,
        0.5,
        -15.47,
        0,
        1,
        -8.04,
        0,
        1.5,
        -9.588,
        0,
        2,
        4.2,
        0,
        2.5,
        -3.187,
        0,
        3,
        9,
        0,
        3.5,
        1.59,
        0,
        4,
        1.833,
        0,
        4.5,
        -7.092,
        0,
        5,
        -1.992,
        1,
        5.167,
        -1.992,
        5.333,
        -11.34,
        5.5,
        -12.351,
        1,
        5.667,
        -13.361,
        5.833,
        -13.296,
        6,
        -14,
        1,
        6.167,
        -14.704,
        6.333,
        -15.47,
        6.5,
        -15.47,
        0,
        7,
        -8.04,
        0,
        7.5,
        -9.588,
        0,
        8,
        4.2,
        0,
        8.5,
        -3.187,
        0,
        9,
        9,
        0,
        9.5,
        1.59,
        0,
        10,
        1.833,
        0,
        10.5,
        -7.092,
        0,
        11,
        -1.992,
        1,
        11.167,
        -1.992,
        11.333,
        -11.341,
        11.5,
        -12.351,
        1,
        11.667,
        -13.361,
        11.833,
        -13.296,
        12,
        -14,
        1,
        12.167,
        -14.704,
        12.333,
        -15.47,
        12.5,
        -15.47,
        0,
        13,
        -8.04,
        0,
        13.5,
        -9.588,
        0,
        14,
        4.2,
        0,
        14.5,
        -3.187,
        0,
        15,
        9,
        0,
        15.5,
        1.59,
        0,
        16,
        1.833,
        0,
        16.5,
        -7.092,
        0,
        17,
        -1.992,
        1,
        17.167,
        -1.992,
        17.333,
        -11.341,
        17.5,
        -12.351,
        1,
        17.667,
        -13.361,
        17.833,
        -13.296,
        18,
        -14,
        1,
        18.167,
        -14.704,
        18.333,
        -15.47,
        18.5,
        -15.47,
        0,
        19,
        -8.04,
        0,
        19.5,
        -9.588,
        0,
        20,
        4.2,
        0,
        20.5,
        -3.187,
        0,
        21,
        9,
        0,
        21.5,
        1.59,
        0,
        22,
        1.833,
        0,
        22.5,
        -7.092,
        0,
        23,
        -1.992,
        1,
        23.167,
        -1.992,
        23.333,
        -11.341,
        23.5,
        -12.351,
        1,
        23.667,
        -13.361,
        23.833,
        -13.296,
        24,
        -14,
        1,
        24.167,
        -14.704,
        24.333,
        -15.47,
        24.5,
        -15.47,
        0,
        25,
        -8.04,
        0,
        25.5,
        -9.588,
        0,
        26,
        4.2,
        0,
        26.5,
        -3.187,
        0,
        27,
        9,
        0,
        27.5,
        1.59,
        0,
        28,
        1.833,
        0,
        28.5,
        -7.092,
        0,
        29,
        -1.992,
        1,
        29.167,
        -1.992,
        29.333,
        -11.341,
        29.5,
        -12.351,
        1,
        29.667,
        -13.361,
        29.833,
        -13.296,
        30,
        -14,
        1,
        30.167,
        -14.704,
        30.333,
        -15.47,
        30.5,
        -15.47,
        0,
        31,
        -8.04,
        0,
        31.5,
        -9.588,
        0,
        32,
        4.2,
        0,
        32.5,
        -3.187,
        0,
        33,
        9,
        0,
        33.5,
        1.59,
        0,
        34,
        1.833,
        0,
        34.5,
        -7.092,
        0,
        35,
        -1.992,
        1,
        35.167,
        -1.992,
        35.333,
        -11.341,
        35.5,
        -12.351,
        1,
        35.667,
        -13.361,
        35.833,
        -13.296,
        36,
        -14,
        1,
        36.167,
        -14.704,
        36.333,
        -15.47,
        36.5,
        -15.47,
        0,
        37,
        -8.04,
        0,
        37.5,
        -9.588,
        0,
        38,
        4.2,
        1,
        38.167,
        4.2,
        38.333,
        -0.437,
        38.5,
        -3.187,
        1,
        39,
        -11.436,
        39.5,
        -14,
        40,
        -14
      ]
    },
    {
      "Target": "Parameter",
      "Id": "Param111",
      "Segments": [
        0,
        10,
        0,
        2.8,
        -17,
        0,
        5.633,
        10,
        0,
        8.467,
        -17,
        0,
        11.3,
        10,
        0,
        14.133,
        -17,
        0,
        16.95,
        10,
        0,
        19.783,
        -17,
        0,
        22.617,
        10,
        0,
        25.45,
        -17,
        0,
        28.283,
        10,
        0,
        31.083,
        -17,
        0,
        34.2,
        10,
        0,
        37,
        -17,
        0,
        40,
        10
      ]
    },
    {
      "Target": "Parameter",
      "Id": "Param116",
      "Segments": [
        0,
        -0.97,
        0,
        0.75,
        12,
        0,
        2.75,
        -29,
        0,
        4.75,
        12,
        0,
        6.75,
        -29,
        0,
        8.75,
        12,
        0,
        10.75,
        -29,
        0,
        12.75,
        12,
        0,
        14.75,
        -29,
        0,
        16.75,
        12,
        0,
        18.75,
        -29,
        0,
        20.75,
        12,
        0,
        22.75,
        -29,
        0,
        24.75,
        12,
        0,
        26.75,
        -29,
        0,
        28.75,
        12,
        0,
        30.75,
        -29,
        0,
        32.75,
        12,
        0,
        34.75,
        -29,
        0,
        36.75,
        12,
        0,
        38.75,
        -29,
        0,
        40,
        -0.97
      ]
    },
    {
      "Target": "Parameter",
      "Id": "Param67",
      "Segments": [
        0,
        0,
        1,
        13.328,
        3.333,
        26.655,
        6.667,
        39.983,
        10,
        2,
        40,
        0
      ]
    },
    {
      "Target": "Parameter",
      "Id": "Param108",
      "Segments": [
        0,
        0,
        1,
        13.328,
        233.333,
        26.655,
        466.667,
        39.983,
        700,
        1,
        39.989,
        466.667,
        39.994,
        233.333,
        40,
        0
      ]
    },
    {
      "Target": "Parameter",
      "Id": "Param92",
      "Segments": [
        0,
        0,
        1,
        13.328,
        166.667,
        26.655,
        333.333,
        39.983,
        500,
        1,
        39.989,
        333.333,
        39.994,
        166.667,
        40,
        0
      ]
    },
    {
      "Target": "Parameter",
      "Id": "Param79",
      "Segments": [
        0,
        0,
        2,
        0.1,
        0,
        0,
        1,
        10,
        2,
        1.033,
        0,
        2,
        3.15,
        0,
        0,
        4.15,
        10,
        2,
        4.183,
        0,
        2,
        6.783,
        0,
        0,
        7.783,
        10,
        2,
        7.817,
        0,
        2,
        10.667,
        0,
        0,
        11.567,
        10,
        2,
        11.6,
        0,
        2,
        13.717,
        0,
        0,
        14.717,
        10,
        2,
        14.75,
        0,
        2,
        17.35,
        0,
        0,
        18.35,
        10,
        2,
        18.383,
        0,
        2,
        21.083,
        0,
        0,
        21.983,
        10,
        2,
        22.017,
        0,
        2,
        24.133,
        0,
        0,
        25.133,
        10,
        2,
        25.167,
        0,
        2,
        27.767,
        0,
        0,
        28.767,
        10,
        2,
        28.8,
        0,
        2,
        30.867,
        0,
        0,
        31.767,
        10,
        2,
        31.8,
        0,
        2,
        33.917,
        0,
        0,
        34.917,
        10,
        2,
        34.95,
        0,
        2,
        37.55,
        0,
        0,
        38.55,
        10,
        2,
        38.583,
        0,
        2,
        40,
        0
      ]
    },
    {
      "Target": "Parameter",
      "Id": "Param82",
      "Segments": [
        0,
        0,
        2,
        0.6,
        0,
        0,
        1.6,
        10,
        2,
        1.633,
        0,
        2,
        4.233,
        0,
        0,
        5.233,
        10,
        2,
        5.267,
        0,
        2,
        8.667,
        0,
        0,
        9.667,
        10,
        2,
        9.7,
        0,
        2,
        11.167,
        0,
        0,
        12.167,
        10,
        2,
        12.2,
        0,
        2,
        14.8,
        0,
        0,
        15.8,
        10,
        2,
        15.833,
        0,
        2,
        19.233,
        0,
        0,
        20.233,
        10,
        2,
        20.267,
        0,
        2,
        21.583,
        0,
        0,
        22.583,
        10,
        2,
        22.617,
        0,
        2,
        25.217,
        0,
        0,
        26.217,
        10,
        2,
        26.25,
        0,
        2,
        29.65,
        0,
        0,
        30.65,
        10,
        2,
        30.683,
        0,
        2,
        31.367,
        0,
        0,
        32.367,
        10,
        2,
        32.4,
        0,
        2,
        35,
        0,
        0,
        36,
        10,
        2,
        36.033,
        0,
        2,
        39.433,
        0,
        0,
        39.883,
        10,
        2,
        39.917,
        0,
        2,
        40,
        0
      ]
    },
    {
      "Target": "Parameter",
      "Id": "Param80",
      "Segments": [
        0,
        0,
        2,
        1.333,
        0,
        0,
        2.25,
        10,
        2,
        2.283,
        0,
        2,
        4.033,
        0,
        0,
        4.95,
        10,
        2,
        4.983,
        0,
        2,
        7.583,
        0,
        0,
        8.5,
        10,
        2,
        8.533,
        0,
        2,
        11.9,
        0,
        0,
        12.817,
        10,
        2,
        12.85,
        0,
        2,
        14.6,
        0,
        0,
        15.517,
        10,
        2,
        15.55,
        0,
        2,
        18.15,
        0,
        0,
        19.067,
        10,
        2,
        19.1,
        0,
        2,
        22.317,
        0,
        0,
        23.233,
        10,
        2,
        23.267,
        0,
        2,
        25.017,
        0,
        0,
        25.933,
        10,
        2,
        25.967,
        0,
        2,
        28.567,
        0,
        0,
        29.483,
        10,
        2,
        29.517,
        0,
        2,
        32.1,
        0,
        0,
        33.017,
        10,
        2,
        33.05,
        0,
        2,
        34.8,
        0,
        0,
        35.717,
        10,
        2,
        35.75,
        0,
        2,
        38.35,
        0,
        0,
        39.267,
        10,
        2,
        39.3,
        0,
        2,
        40,
        0
      ]
    },
    {
      "Target": "Parameter",
      "Id": "Param83",
      "Segments": [
        0,
        0,
        2,
        0.3,
        0,
        0,
        1.133,
        10,
        2,
        1.167,
        0,
        2,
        3.083,
        0,
        0,
        3.917,
        10,
        2,
        3.95,
        0,
        2,
        7.033,
        0,
        0,
        7.867,
        10,
        2,
        7.9,
        0,
        2,
        10.867,
        0,
        0,
        11.7,
        10,
        2,
        11.733,
        0,
        2,
        13.65,
        0,
        0,
        14.483,
        10,
        2,
        14.517,
        0,
        2,
        17.6,
        0,
        0,
        18.433,
        10,
        2,
        18.467,
        0,
        2,
        21.283,
        0,
        0,
        22.117,
        10,
        2,
        22.15,
        0,
        2,
        24.067,
        0,
        0,
        24.9,
        10,
        2,
        24.933,
        0,
        2,
        28.017,
        0,
        0,
        28.85,
        10,
        2,
        28.883,
        0,
        2,
        31.067,
        0,
        0,
        31.9,
        10,
        2,
        31.933,
        0,
        2,
        33.85,
        0,
        0,
        34.683,
        10,
        2,
        34.717,
        0,
        2,
        37.8,
        0,
        0,
        38.633,
        10,
        2,
        38.667,
        0,
        2,
        40,
        0
      ]
    },
    {
      "Target": "Parameter",
      "Id": "Param81",
      "Segments": [
        0,
        0,
        2,
        1.967,
        0,
        0,
        2.633,
        10,
        2,
        2.667,
        0,
        2,
        4.417,
        0,
        0,
        5.133,
        10,
        2,
        5.167,
        0,
        2,
        7.1,
        0,
        0,
        7.817,
        10,
        2,
        7.85,
        0,
        2,
        12.533,
        0,
        0,
        13.2,
        10,
        2,
        13.233,
        0,
        2,
        14.983,
        0,
        0,
        15.7,
        10,
        2,
        15.733,
        0,
        2,
        17.667,
        0,
        0,
        18.383,
        10,
        2,
        18.417,
        0,
        2,
        22.95,
        0,
        0,
        23.617,
        10,
        2,
        23.65,
        0,
        2,
        25.4,
        0,
        0,
        26.117,
        10,
        2,
        26.15,
        0,
        2,
        28.083,
        0,
        0,
        28.8,
        10,
        2,
        28.833,
        0,
        2,
        32.733,
        0,
        0,
        33.4,
        10,
        2,
        33.433,
        0,
        2,
        35.183,
        0,
        0,
        35.9,
        10,
        2,
        35.933,
        0,
        2,
        37.867,
        0,
        0,
        38.583,
        10,
        2,
        38.617,
        0,
        2,
        40,
        0
      ]
    },
    {
      "Target": "Parameter",
      "Id": "Param84",
      "Segments": [
        0,
        0,
        2,
        1.033,
        0,
        0,
        1.667,
        10,
        2,
        1.7,
        0,
        2,
        4.883,
        0,
        0,
        5.5,
        10,
        2,
        5.533,
        0,
        2,
        8.45,
        0,
        0,
        9.083,
        10,
        2,
        9.117,
        0,
        2,
        11.6,
        0,
        0,
        12.233,
        10,
        2,
        12.267,
        0,
        2,
        15.45,
        0,
        0,
        16.067,
        10,
        2,
        16.1,
        0,
        2,
        19.017,
        0,
        0,
        19.65,
        10,
        2,
        19.683,
        0,
        2,
        22.017,
        0,
        0,
        22.65,
        10,
        2,
        22.683,
        0,
        2,
        25.867,
        0,
        0,
        26.483,
        10,
        2,
        26.517,
        0,
        2,
        29.433,
        0,
        0,
        30.067,
        10,
        2,
        30.1,
        0,
        2,
        31.8,
        0,
        0,
        32.433,
        10,
        2,
        32.467,
        0,
        2,
        35.65,
        0,
        0,
        36.267,
        10,
        2,
        36.3,
        0,
        2,
        39.217,
        0,
        0,
        39.85,
        10,
        2,
        39.883,
        0,
        2,
        40,
        0
      ]
    },
    {
      "Target": "Parameter",
      "Id": "Param233",
      "Segments": [
        0,
        0,
        1,
        0.328,
        3.333,
        0.655,
        6.667,
        0.983,
        10,
        2,
        1,
        0,
        1,
        1.328,
        3.333,
        1.655,
        6.667,
        1.983,
        10,
        2,
        2,
        0,
        1,
        2.328,
        3.333,
        2.655,
        6.667,
        2.983,
        10,
        2,
        3,
        0,
        1,
        3.328,
        3.333,
        3.655,
        6.667,
        3.983,
        10,
        2,
        4,
        0,
        1,
        4.328,
        3.333,
        4.655,
        6.667,
        4.983,
        10,
        2,
        5,
        0,
        1,
        5.328,
        3.333,
        5.655,
        6.667,
        5.983,
        10,
        2,
        6,
        0,
        1,
        6.328,
        3.333,
        6.655,
        6.667,
        6.983,
        10,
        2,
        7,
        0,
        1,
        7.328,
        3.333,
        7.655,
        6.667,
        7.983,
        10,
        2,
        8,
        0,
        1,
        8.328,
        3.333,
        8.655,
        6.667,
        8.983,
        10,
        2,
        9,
        0,
        1,
        9.328,
        3.333,
        9.655,
        6.667,
        9.983,
        10,
        2,
        10,
        0,
        1,
        10.328,
        3.333,
        10.655,
        6.667,
        10.983,
        10,
        2,
        11,
        0,
        1,
        11.328,
        3.333,
        11.655,
        6.667,
        11.983,
        10,
        2,
        12,
        0,
        1,
        12.328,
        3.333,
        12.655,
        6.667,
        12.983,
        10,
        2,
        13,
        0,
        1,
        13.328,
        3.333,
        13.655,
        6.667,
        13.983,
        10,
        2,
        14,
        0,
        1,
        14.328,
        3.333,
        14.655,
        6.667,
        14.983,
        10,
        2,
        15,
        0,
        1,
        15.328,
        3.333,
        15.655,
        6.667,
        15.983,
        10,
        2,
        16,
        0,
        1,
        16.328,
        3.333,
        16.655,
        6.667,
        16.983,
        10,
        2,
        17,
        0,
        1,
        17.328,
        3.333,
        17.655,
        6.667,
        17.983,
        10,
        2,
        18,
        0,
        1,
        18.328,
        3.333,
        18.655,
        6.667,
        18.983,
        10,
        2,
        19,
        0,
        1,
        19.328,
        3.333,
        19.655,
        6.667,
        19.983,
        10,
        2,
        20,
        0,
        1,
        20.328,
        3.333,
        20.655,
        6.667,
        20.983,
        10,
        2,
        21,
        0,
        1,
        21.328,
        3.333,
        21.655,
        6.667,
        21.983,
        10,
        2,
        22,
        0,
        1,
        22.328,
        3.333,
        22.655,
        6.667,
        22.983,
        10,
        2,
        23,
        0,
        1,
        23.328,
        3.333,
        23.655,
        6.667,
        23.983,
        10,
        2,
        24,
        0,
        1,
        24.328,
        3.333,
        24.655,
        6.667,
        24.983,
        10,
        2,
        25,
        0,
        1,
        25.328,
        3.333,
        25.655,
        6.667,
        25.983,
        10,
        2,
        26,
        0,
        1,
        26.328,
        3.333,
        26.655,
        6.667,
        26.983,
        10,
        2,
        27,
        0,
        1,
        27.328,
        3.333,
        27.655,
        6.667,
        27.983,
        10,
        2,
        28,
        0,
        1,
        28.328,
        3.333,
        28.655,
        6.667,
        28.983,
        10,
        2,
        29,
        0,
        1,
        29.328,
        3.333,
        29.655,
        6.667,
        29.983,
        10,
        2,
        30,
        0,
        1,
        30.328,
        3.333,
        30.655,
        6.667,
        30.983,
        10,
        2,
        31,
        0,
        1,
        31.328,
        3.333,
        31.655,
        6.667,
        31.983,
        10,
        2,
        32,
        0,
        1,
        32.328,
        3.333,
        32.655,
        6.667,
        32.983,
        10,
        2,
        33,
        0,
        1,
        33.328,
        3.333,
        33.655,
        6.667,
        33.983,
        10,
        2,
        34,
        0,
        1,
        34.328,
        3.333,
        34.655,
        6.667,
        34.983,
        10,
        2,
        35,
        0,
        1,
        35.328,
        3.333,
        35.655,
        6.667,
        35.983,
        10,
        2,
        36,
        0,
        1,
        36.328,
        3.333,
        36.655,
        6.667,
        36.983,
        10,
        2,
        37,
        0,
        1,
        37.328,
        3.333,
        37.655,
        6.667,
        37.983,
        10,
        2,
        38,
        0,
        1,
        38.328,
        3.333,
        38.655,
        6.667,
        38.983,
        10,
        2,
        39,
        0,
        1,
        39.328,
        3.333,
        39.655,
        6.667,
        39.983,
        10,
        2,
        40,
        0
      ]
    },
    {
      "Target": "Parameter",
      "Id": "Param230",
      "Segments": [
        0,
        0,
        0,
        0.75,
        10,
        2,
        0.767,
        0,
        2,
        3.667,
        0,
        0,
        4.417,
        10,
        2,
        4.433,
        0,
        2,
        7.333,
        0,
        0,
        8.083,
        10,
        2,
        8.1,
        0,
        2,
        11.417,
        0,
        0,
        12.167,
        10,
        2,
        12.183,
        0,
        2,
        15.25,
        0,
        0,
        16,
        10,
        2,
        16.017,
        0,
        2,
        19.25,
        0,
        0,
        20,
        10,
        2,
        20.017,
        0,
        2,
        23.25,
        0,
        0,
        24,
        10,
        2,
        24.017,
        0,
        2,
        27.5,
        0,
        0,
        28.25,
        10,
        2,
        28.267,
        0,
        2,
        31.6,
        0,
        0,
        32.35,
        10,
        2,
        32.367,
        0,
        2,
        35.567,
        0,
        0,
        36.317,
        10,
        2,
        36.333,
        0,
        2,
        40,
        0
      ]
    },
    {
      "Target": "Parameter",
      "Id": "Param231",
      "Segments": [
        0,
        0,
        2,
        1.167,
        0,
        0,
        1.917,
        10,
        2,
        1.933,
        0,
        2,
        4.833,
        0,
        0,
        5.583,
        10,
        2,
        5.6,
        0,
        2,
        8.5,
        0,
        0,
        9.25,
        10,
        2,
        9.267,
        0,
        2,
        12.583,
        0,
        0,
        13.333,
        10,
        2,
        13.35,
        0,
        2,
        16.417,
        0,
        0,
        17.167,
        10,
        2,
        17.183,
        0,
        2,
        20.417,
        0,
        0,
        21.167,
        10,
        2,
        21.183,
        0,
        2,
        24.417,
        0,
        0,
        25.167,
        10,
        2,
        25.183,
        0,
        2,
        28.667,
        0,
        0,
        29.417,
        10,
        2,
        29.433,
        0,
        2,
        32.767,
        0,
        0,
        33.517,
        10,
        2,
        33.533,
        0,
        2,
        36.733,
        0,
        0,
        37.483,
        10,
        2,
        37.5,
        0,
        2,
        40,
        0
      ]
    },
    {
      "Target": "Parameter",
      "Id": "Param232",
      "Segments": [
        0,
        0,
        2,
        2.25,
        0,
        0,
        3,
        10,
        2,
        3.017,
        0,
        2,
        5.917,
        0,
        0,
        6.667,
        10,
        2,
        6.683,
        0,
        2,
        9.583,
        0,
        0,
        10.333,
        10,
        2,
        10.35,
        0,
        2,
        13.667,
        0,
        0,
        14.417,
        10,
        2,
        14.433,
        0,
        2,
        17.5,
        0,
        0,
        18.25,
        10,
        2,
        18.267,
        0,
        2,
        21.5,
        0,
        0,
        22.25,
        10,
        2,
        22.267,
        0,
        2,
        25.5,
        0,
        0,
        26.25,
        10,
        2,
        26.267,
        0,
        2,
        29.75,
        0,
        0,
        30.5,
        10,
        2,
        30.517,
        0,
        2,
        33.85,
        0,
        0,
        34.6,
        10,
        2,
        34.617,
        0,
        2,
        37.817,
        0,
        0,
        38.567,
        10,
        2,
        38.583,
        0,
        2,
        40,
        0
      ]
    },
    {
      "Target": "Parameter",
      "Id": "Param102",
      "Segments": [
        0,
        -1.5,
        0,
        1.5,
        0,
        0,
        4.5,
        -1.513,
        0,
        7.5,
        0,
        0,
        10.5,
        -1.513,
        0,
        13.5,
        0,
        0,
        16.5,
        -1.513,
        0,
        19.5,
        0,
        0,
        22.5,
        -1.513,
        0,
        25.5,
        0,
        0,
        28.5,
        -1.513,
        0,
        31.5,
        0,
        0,
        34.5,
        -1.513,
        0,
        37.5,
        0,
        0,
        40,
        -1.5
      ]
    },
    {
      "Target": "Parameter",
      "Id": "Param103",
      "Segments": [
        0,
        -5,
        0,
        3,
        5,
        0,
        6,
        -5,
        0,
        9,
        5,
        0,
        12,
        -5,
        0,
        15,
        5,
        0,
        18,
        -5,
        0,
        21,
        5,
        0,
        24,
        -5,
        0,
        27,
        5,
        0,
        30,
        -5,
        0,
        33,
        5,
        0,
        36,
        -5,
        0,
        38,
        0.027,
        0,
        40,
        -5
      ]
    },
    {
      "Target": "Parameter",
      "Id": "Param105",
      "Segments": [
        0,
        0,
        0,
        1.5,
        3,
        0,
        4.5,
        -3,
        0,
        7.5,
        3,
        0,
        10.5,
        -3,
        0,
        13.5,
        3,
        0,
        16.5,
        -3,
        0,
        19.5,
        3,
        0,
        22.5,
        -3,
        0,
        25.5,
        3,
        0,
        28.5,
        -3,
        0,
        31.5,
        3,
        0,
        34.5,
        -3,
        0,
        37.5,
        3,
        0,
        40,
        0
      ]
    },
    {
      "Target": "Parameter",
      "Id": "Param106",
      "Segments": [
        0,
        -5,
        0,
        3,
        5,
        0,
        6,
        -5,
        0,
        9,
        5,
        0,
        12,
        -5,
        0,
        15,
        5,
        0,
        18,
        -5,
        0,
        21,
        5,
        0,
        24,
        -5,
        0,
        27,
        5,
        0,
        30,
        -5,
        0,
        33,
        5,
        0,
        36,
        -5,
        0,
        38.333,
        -0.797,
        0,
        40,
        -5
      ]
    },
    {
      "Target": "Parameter",
      "Id": "Param107",
      "Segments": [
        0,
        -6.036,
        1,
        0.267,
        -6.036,
        0.533,
        -6.078,
        0.8,
        -6.016,
        1,
        1.8,
        -5.784,
        2.8,
        5.989,
        3.8,
        5.989,
        0,
        6.8,
        -6.016,
        0,
        9.8,
        5.989,
        0,
        12.8,
        -6.016,
        0,
        15.8,
        5.989,
        0,
        18.8,
        -6.016,
        0,
        21.8,
        5.989,
        0,
        24.8,
        -6.016,
        0,
        27.8,
        5.989,
        0,
        30.8,
        -6.016,
        0,
        33.8,
        5.989,
        0,
        36.8,
        -6.016,
        0,
        38.633,
        -3.267,
        0,
        40,
        -6.036
      ]
    },
    {
      "Target": "Parameter",
      "Id": "Param112",
      "Segments": [
        0,
        10.97,
        0,
        0.5,
        13,
        0,
        2.5,
        0,
        0,
        4.5,
        13,
        0,
        6.5,
        0,
        0,
        8.5,
        13,
        0,
        10.5,
        0,
        0,
        12.5,
        13,
        0,
        14.5,
        0,
        0,
        16.5,
        13,
        0,
        18.5,
        0,
        0,
        20.5,
        13,
        0,
        22.5,
        0,
        0,
        24.5,
        13,
        0,
        26.5,
        0,
        0,
        28.5,
        13,
        0,
        30.5,
        0,
        0,
        32.5,
        13,
        0,
        34.5,
        0,
        0,
        36.5,
        13,
        0,
        38.5,
        0,
        0,
        40,
        10.97
      ]
    },
    {
      "Target": "Parameter",
      "Id": "Param113",
      "Segments": [
        0,
        6.5,
        0,
        1,
        13,
        0,
        3,
        0,
        0,
        5,
        13,
        0,
        7,
        0,
        0,
        9,
        13,
        0,
        11,
        0,
        0,
        13,
        13,
        0,
        15,
        0,
        0,
        17,
        13,
        0,
        19,
        0,
        0,
        21,
        13,
        0,
        23,
        0,
        0,
        25,
        13,
        0,
        27,
        0,
        0,
        29,
        13,
        0,
        31,
        0,
        0,
        33,
        13,
        0,
        35,
        0,
        0,
        37,
        13,
        0,
        39,
        0,
        0,
        40,
        6.5
      ]
    },
    {
      "Target": "Parameter",
      "Id": "Param114",
      "Segments": [
        0,
        2.03,
        0,
        1.5,
        13,
        0,
        3.5,
        0,
        0,
        5.5,
        13,
        0,
        7.5,
        0,
        0,
        9.5,
        13,
        0,
        11.5,
        0,
        0,
        13.5,
        13,
        0,
        15.5,
        0,
        0,
        17.5,
        13,
        0,
        19.5,
        0,
        0,
        21.5,
        13,
        0,
        23.5,
        0,
        0,
        25.5,
        13,
        0,
        27.5,
        0,
        0,
        29.5,
        13,
        0,
        31.5,
        0,
        0,
        33.5,
        13,
        0,
        35.5,
        0,
        0,
        37.5,
        13,
        0,
        39.5,
        0,
        0,
        40,
        2.03
      ]
    },
    {
      "Target": "Parameter",
      "Id": "Param115",
      "Segments": [
        0,
        0,
        0,
        2,
        13,
        0,
        4,
        0,
        0,
        6,
        13,
        0,
        8,
        0,
        0,
        10,
        13,
        0,
        12,
        0,
        0,
        14,
        13,
        0,
        16,
        0,
        0,
        18,
        13,
        0,
        20,
        0,
        0,
        22,
        13,
        0,
        24,
        0,
        0,
        26,
        13,
        0,
        28,
        0,
        0,
        30,
        13,
        0,
        32,
        0,
        0,
        34,
        13,
        0,
        36,
        0,
        0,
        38,
        13,
        0,
        40,
        0
      ]
    },
    {
      "Target": "Parameter",
      "Id": "Param128",
      "Segments": [
        0,
        -30,
        0,
        0.35,
        30,
        0,
        0.7,
        -30,
        0,
        1.05,
        30,
        0,
        1.4,
        -30,
        0,
        1.75,
        30,
        0,
        2.1,
        -30,
        0,
        2.45,
        30,
        0,
        2.8,
        -30,
        0,
        3.15,
        30,
        0,
        3.5,
        -30,
        0,
        3.85,
        30,
        0,
        4.2,
        -30,
        0,
        4.55,
        30,
        0,
        4.9,
        -30,
        0,
        5.25,
        30,
        0,
        5.6,
        -30,
        0,
        5.95,
        30,
        0,
        6.3,
        -30,
        0,
        6.65,
        30,
        0,
        7,
        -30,
        0,
        7.35,
        30,
        0,
        7.7,
        -30,
        0,
        8.05,
        30,
        0,
        8.4,
        -30,
        0,
        8.75,
        30,
        0,
        9.1,
        -30,
        0,
        9.45,
        30,
        0,
        9.8,
        -30,
        0,
        10.15,
        30,
        0,
        10.5,
        -30,
        0,
        10.85,
        30,
        0,
        11.2,
        -30,
        0,
        11.55,
        30,
        0,
        11.9,
        -30,
        0,
        12.25,
        30,
        0,
        12.6,
        -30,
        0,
        12.95,
        30,
        0,
        13.3,
        -30,
        0,
        13.65,
        30,
        0,
        14,
        -30,
        0,
        14.35,
        30,
        0,
        14.7,
        -30,
        0,
        15.05,
        30,
        0,
        15.4,
        -30,
        0,
        15.75,
        30,
        0,
        16.1,
        -30,
        0,
        16.45,
        30,
        0,
        16.8,
        -30,
        0,
        17.15,
        30,
        0,
        17.5,
        -30,
        0,
        17.85,
        30,
        0,
        18.2,
        -30,
        0,
        18.55,
        30,
        0,
        18.9,
        -30,
        0,
        19.25,
        30,
        0,
        19.6,
        -30,
        0,
        19.95,
        30,
        0,
        20.3,
        -30,
        0,
        20.65,
        30,
        0,
        21,
        -30,
        0,
        21.35,
        30,
        0,
        21.7,
        -30,
        0,
        22.05,
        30,
        0,
        22.4,
        -30,
        0,
        22.75,
        30,
        0,
        23.1,
        -30,
        0,
        23.45,
        30,
        0,
        23.8,
        -30,
        0,
        24.15,
        30,
        0,
        24.5,
        -30,
        0,
        24.85,
        30,
        0,
        25.2,
        -30,
        0,
        25.55,
        30,
        0,
        25.9,
        -30,
        0,
        26.25,
        30,
        0,
        26.6,
        -30,
        0,
        26.95,
        30,
        0,
        27.3,
        -30,
        0,
        27.65,
        30,
        0,
        28,
        -30,
        0,
        28.35,
        30,
        0,
        28.7,
        -30,
        0,
        29.05,
        30,
        0,
        29.4,
        -30,
        0,
        29.75,
        30,
        0,
        30.1,
        -30,
        0,
        30.45,
        30,
        0,
        30.8,
        -30,
        0,
        31.15,
        30,
        0,
        31.5,
        -30,
        0,
        31.85,
        30,
        0,
        32.2,
        -30,
        0,
        32.55,
        30,
        0,
        32.9,
        -30,
        0,
        33.25,
        30,
        0,
        33.6,
        -30,
        0,
        33.95,
        30,
        0,
        34.3,
        -30,
        0,
        34.65,
        30,
        0,
        35,
        -30,
        0,
        35.35,
        30,
        0,
        35.7,
        -30,
        0,
        36.05,
        30,
        0,
        36.4,
        -30,
        0,
        36.75,
        30,
        0,
        37.1,
        -30,
        0,
        37.45,
        30,
        0,
        37.8,
        -30,
        0,
        38.15,
        30,
        0,
        38.5,
        -30,
        0,
        38.85,
        30,
        0,
        39.2,
        -30,
        0,
        39.55,
        30,
        0,
        40,
        -30
      ]
    },
    {
      "Target": "Parameter",
      "Id": "Param122",
      "Segments": [
        0,
        10,
        0,
        2,
        -8,
        0,
        4,
        10,
        0,
        6,
        -8,
        0,
        8,
        10,
        0,
        10,
        -8,
        0,
        12,
        10,
        0,
        14,
        -8,
        0,
        16,
        10,
        0,
        18,
        -8,
        0,
        20,
        10,
        0,
        22,
        -8,
        0,
        24,
        10,
        0,
        26,
        -8,
        0,
        28,
        10,
        0,
        30,
        -8,
        0,
        32,
        10,
        0,
        34,
        -8,
        0,
        36,
        10,
        0,
        38,
        -8,
        0,
        40,
        10
      ]
    },
    {
      "Target": "Parameter",
      "Id": "Param123",
      "Segments": [
        0,
        11.64,
        0,
        0.417,
        15,
        0,
        2.417,
        -15,
        0,
        4.417,
        15,
        0,
        6.417,
        -15,
        0,
        8.417,
        15,
        0,
        10.417,
        -15,
        0,
        12.417,
        15,
        0,
        14.417,
        -15,
        0,
        16.417,
        15,
        0,
        18.417,
        -15,
        0,
        20.417,
        15,
        0,
        22.417,
        -15,
        0,
        24.417,
        15,
        0,
        26.417,
        -15,
        0,
        28.417,
        15,
        0,
        30.417,
        -15,
        0,
        32.417,
        15,
        0,
        34.417,
        -15,
        0,
        36.417,
        15,
        0,
        38.417,
        -15,
        0,
        40,
        11.64
      ]
    },
    {
      "Target": "Parameter",
      "Id": "Param124",
      "Segments": [
        0,
        3.71,
        0,
        0.833,
        15,
        0,
        2.833,
        -15,
        0,
        4.833,
        15,
        0,
        6.833,
        -15,
        0,
        8.833,
        15,
        0,
        10.833,
        -15,
        0,
        12.833,
        15,
        0,
        14.833,
        -15,
        0,
        16.833,
        15,
        0,
        18.833,
        -15,
        0,
        20.833,
        15,
        0,
        22.833,
        -15,
        0,
        24.833,
        15,
        0,
        26.833,
        -15,
        0,
        28.833,
        15,
        0,
        30.833,
        -15,
        0,
        32.833,
        15,
        0,
        34.833,
        -15,
        0,
        36.833,
        15,
        0,
        38.833,
        -15,
        0,
        40,
        3.71
      ]
    },
    {
      "Target": "Parameter",
      "Id": "Param125",
      "Segments": [
        0,
        -5.51,
        0,
        1.25,
        15,
        0,
        3.25,
        -15,
        0,
        5.25,
        15,
        0,
        7.25,
        -15,
        0,
        9.25,
        15,
        0,
        11.25,
        -15,
        0,
        13.25,
        15,
        0,
        15.25,
        -15,
        0,
        17.25,
        15,
        0,
        19.25,
        -15,
        0,
        21.25,
        15,
        0,
        23.25,
        -15,
        0,
        25.25,
        15,
        0,
        27.25,
        -15,
        0,
        29.25,
        15,
        0,
        31.25,
        -15,
        0,
        33.25,
        15,
        0,
        35.25,
        -15,
        0,
        37.25,
        15,
        0,
        39.25,
        -15,
        0,
        40,
        -5.328
      ]
    },
    {
      "Target": "Parameter",
      "Id": "Param126",
      "Segments": [
        0,
        -12.78,
        0,
        1.667,
        15,
        0,
        3.667,
        -15,
        0,
        5.667,
        15,
        0,
        7.667,
        -15,
        0,
        9.667,
        15,
        0,
        11.667,
        -15,
        0,
        13.667,
        15,
        0,
        15.667,
        -15,
        0,
        17.667,
        15,
        0,
        19.667,
        -15,
        0,
        21.667,
        15,
        0,
        23.667,
        -15,
        0,
        25.667,
        15,
        0,
        27.667,
        -15,
        0,
        29.667,
        15,
        0,
        31.667,
        -15,
        0,
        33.667,
        15,
        0,
        35.667,
        -15,
        0,
        37.667,
        15,
        0,
        39.667,
        -15,
        0,
        40,
        -12.78
      ]
    },
    {
      "Target": "Parameter",
      "Id": "Param127",
      "Segments": [
        0,
        -14.85,
        0,
        2.083,
        15,
        0,
        4.083,
        -15,
        0,
        6.083,
        15,
        0,
        8.083,
        -15,
        0,
        10.083,
        15,
        0,
        12.083,
        -15,
        0,
        14.083,
        15,
        0,
        16.083,
        -15,
        0,
        18.083,
        15,
        0,
        20.083,
        -15,
        0,
        22.083,
        15,
        0,
        24.083,
        -15,
        0,
        26.083,
        15,
        0,
        28.083,
        -15,
        0,
        30.083,
        15,
        0,
        32.083,
        -15,
        0,
        34.083,
        15,
        0,
        36.083,
        -15,
        0,
        38.083,
        15,
        0,
        40,
        -14.85
      ]
    },
    {
      "Target": "Parameter",
      "Id": "Param197",
      "Segments": [
        0,
        0,
        0,
        40,
        0
      ]
    },
    {
      "Target": "Parameter",
      "Id": "Param69",
      "Segments": [
        0,
        10,
        0,
        40,
        10
      ]
    },
    {
      "Target": "Parameter",
      "Id": "Param76",
      "Segments": [
        0,
        0,
        0,
        40,
        0
      ]
    },
    {
      "Target": "Parameter",
      "Id": "Param78",
      "Segments": [
        0,
        1,
        0,
        40,
        1
      ]
    },
    {
      "Target": "Parameter",
      "Id": "Param229",
      "Segments": [
        0,
        0,
        0,
        40,
        0
      ]
    },
    {
      "Target": "Parameter",
      "Id": "Param101",
      "Segments": [
        0,
        0,
        0,
        40,
        0
      ]
    },
    {
      "Target": "Parameter",
      "Id": "Param104",
      "Segments": [
        0,
        0,
        0,
        40,
        0
      ]
    },
    {
      "Target": "Parameter",
      "Id": "Param121",
      "Segments": [
        0,
        0,
        0,
        40,
        0
      ]
    }
  ],
  "UserData": [
    {
      "Time": 0.0,
      "Value": ""
    }
  ]
}