{
  "Version": 3,
  "Meta": {
    "Duration": 6.0,
    "Fps": 30.0,
    "Loop": true,
    "CurveCount": 11,
    "TotalSegmentCount": 58,
    "TotalPointCount": 86,
    "UserDataCount": 1,
    "TotalUserDataSize": 0
  },
  "Curves": [
    {
      "Target": "Parameter",
      "Id": "Param121",
      "Segments": [
        0,
        0,
        0,
        0.733,
        1.938,
        0,
        2.233,
        -2.146,
        1,
        2.489,
        -2.146,
        2.744,
        -1.39,
        3,
        0,
        1,
        3.244,
        1.33,
        3.489,
        1.938,
        3.733,
        1.938,
        0,
        5.233,
        -2.146,
        0,
        6,
        0
      ]
    },
    {
      "Target": "Parameter",
      "Id": "Param116",
      "Segments": [
        0,
        0,
        2,
        3,
        0,
        2,
        4.867,
        0,
        0,
        4.967,
        1,
        0,
        5.1,
        0,
        2,
        6,
        0
      ]
    },
    {
      "Target": "Parameter",
      "Id": "Param126",
      "Segments": [
        0,
        0,
        0,
        1.467,
        1,
        0,
        3,
        0,
        0,
        4.467,
        1,
        0,
        6,
        0
      ]
    },
    {
      "Target": "Parameter",
      "Id": "Param117",
      "Segments": [
        0,
        0,
        0,
        0.8,
        -28,
        0,
        2.233,
        12,
        1,
        2.489,
        12,
        2.744,
        10.888,
        3,
        0,
        1,
        3.267,
        -11.361,
        3.533,
        -28,
        3.8,
        -28,
        0,
        5.233,
        12,
        0,
        6,
        0
      ]
    },
    {
      "Target": "Parameter",
      "Id": "Param119",
      "Segments": [
        0,
        0,
        0,
        1.5,
        10,
        1,
        1.767,
        10,
        2.033,
        8.539,
        2.3,
        5,
        1,
        2.533,
        1.903,
        2.767,
        0,
        3,
        0,
        0,
        4.5,
        10,
        1,
        4.767,
        10,
        5.033,
        8.539,
        5.3,
        5,
        1,
        5.533,
        1.903,
        5.767,
        0,
        6,
        0
      ]
    },
    {
      "Target": "Parameter",
      "Id": "Param120",
      "Segments": [
        0,
        0,
        0,
        0.733,
        -12,
        0,
        2.233,
        11,
        1,
        2.489,
        11,
        2.744,
        7.799,
        3,
        0,
        1,
        3.244,
        -7.46,
        3.489,
        -12,
        3.733,
        -12,
        0,
        5.233,
        11,
        0,
        6,
        0
      ]
    },
    {
      "Target": "Parameter",
      "Id": "Param123",
      "Segments": [
        0,
        0,
        0,
        1.567,
        14,
        0,
        3,
        0,
        0,
        4.567,
        14,
        0,
        6,
        0
      ]
    },
    {
      "Target": "Parameter",
      "Id": "Param142",
      "Segments": [
        0,
        0,
        0,
        1.467,
        1,
        0,
        3,
        0,
        0,
        4.467,
        1,
        0,
        6,
        0
      ]
    },
    {
      "Target": "Parameter",
      "Id": "Param139",
      "Segments": [
        0,
        0,
        0,
        1.467,
        -12,
        0,
        3,
        0,
        0,
        4.467,
        -12,
        0,
        6,
        0
      ]
    },
    {
      "Target": "Parameter",
      "Id": "Param137",
      "Segments": [
        0,
        0,
        0,
        0.633,
        -14,
        0,
        2.167,
        11,
        1,
        2.445,
        11,
        2.722,
        8.802,
        3,
        0,
        1,
        3.211,
        -6.689,
        3.422,
        -14,
        3.633,
        -14,
        0,
        5.167,
        11,
        0,
        6,
        0
      ]
    },
    {
      "Target": "Parameter",
      "Id": "Param143",
      "Segments": [
        0,
        0,
        0,
        0.633,
        -9,
        0,
        2.2,
        9,
        1,
        2.467,
        9,
        2.733,
        6.598,
        3,
        0,
        1,
        3.211,
        -5.224,
        3.422,
        -9,
        3.633,
        -9,
        0,
        5.2,
        9,
        0,
        6,
        0
      ]
    }
  ],
  "UserData": [
    {
      "Time": 0.0,
      "Value": ""
    }
  ]
}