{
  "Version": 3,
  "Meta": {
    "Duration": 6.0,
    "Fps": 30.0,
    "Loop": true,
    "CurveCount": 310,
    "TotalSegmentCount": 676,
    "TotalPointCount": 1008,
    "UserDataCount": 1,
    "TotalUserDataSize": 0
  },
  "Curves": [
    {
      "Target": "Parameter",
      "Id": "Param213",
      "Segments": [
        0,
        0,
        1,
        0.222,
        -10.201,
        0.445,
        -20.834,
        0.667,
        -20.834,
        0,
        2.133,
        16.726,
        1,
        2.422,
        16.726,
        2.711,
        13.261,
        3,
        0,
        1,
        3.222,
        -10.201,
        3.445,
        -20.834,
        3.667,
        -20.834,
        0,
        5.133,
        16.726,
        1,
        5.422,
        16.726,
        5.711,
        13.261,
        6,
        0
      ]
    },
    {
      "Target": "Parameter",
      "Id": "Param214",
      "Segments": [
        0,
        0,
        0,
        1.467,
        -16.834,
        0,
        3,
        0,
        0,
        4.467,
        -16.834,
        0,
        6,
        0
      ]
    },
    {
      "Target": "Parameter",
      "Id": "Param215",
      "Segments": [
        0,
        0,
        1,
        0.256,
        -12.346,
        0.511,
        -20.834,
        0.767,
        -20.834,
        0,
        2.233,
        16.726,
        1,
        2.489,
        16.726,
        2.744,
        12.346,
        3,
        0,
        1,
        3.256,
        -12.346,
        3.511,
        -20.834,
        3.767,
        -20.834,
        0,
        5.233,
        16.726,
        1,
        5.489,
        16.726,
        5.744,
        12.346,
        6,
        0
      ]
    },
    {
      "Target": "Parameter",
      "Id": "Param216",
      "Segments": [
        0,
        0,
        0,
        1.467,
        -22.834,
        0,
        3,
        0,
        0,
        4.467,
        -22.834,
        0,
        6,
        0
      ]
    },
    {
      "Target": "Parameter",
      "Id": "Param103",
      "Segments": [
        0,
        0,
        0,
        1.467,
        19.726,
        0,
        3,
        0,
        0,
        4.467,
        19.726,
        0,
        6,
        0
      ]
    },
    {
      "Target": "Parameter",
      "Id": "Param104",
      "Segments": [
        0,
        0,
        1,
        0.256,
        -11.675,
        0.511,
        -17.834,
        0.767,
        -17.834,
        0,
        2.167,
        18.726,
        1,
        2.445,
        18.726,
        2.722,
        12.69,
        3,
        0,
        1,
        3.256,
        -11.675,
        3.511,
        -17.834,
        3.767,
        -17.834,
        0,
        5.167,
        18.726,
        1,
        5.445,
        18.726,
        5.722,
        12.69,
        6,
        0
      ]
    },
    {
      "Target": "Parameter",
      "Id": "Param105",
      "Segments": [
        0,
        0,
        0,
        1.5,
        17.726,
        0,
        3,
        0,
        0,
        4.5,
        17.726,
        0,
        6,
        0
      ]
    },
    {
      "Target": "Parameter",
      "Id": "Param106",
      "Segments": [
        0,
        0,
        1,
        0.244,
        -11.441,
        0.489,
        -16.834,
        0.733,
        -16.834,
        0,
        2.3,
        16.726,
        1,
        2.533,
        16.726,
        2.767,
        10.921,
        3,
        0,
        1,
        3.244,
        -11.441,
        3.489,
        -16.834,
        3.733,
        -16.834,
        0,
        5.3,
        16.726,
        1,
        5.533,
        16.726,
        5.767,
        10.921,
        6,
        0
      ]
    },
    {
      "Target": "Parameter",
      "Id": "Param_Angle_Rotation198",
      "Segments": [
        0,
        0,
        0,
        1.467,
        -18.834,
        0,
        3,
        0,
        0,
        4.467,
        -18.834,
        0,
        6,
        0
      ]
    },
    {
      "Target": "Parameter",
      "Id": "Param_Angle_Rotation199",
      "Segments": [
        0,
        0,
        1,
        0.211,
        10.634,
        0.422,
        15.452,
        0.633,
        15.452,
        0,
        2.267,
        -19.005,
        1,
        2.511,
        -19.005,
        2.756,
        -12.313,
        3,
        0,
        1,
        3.211,
        10.634,
        3.422,
        15.452,
        3.633,
        15.452,
        0,
        5.267,
        -19.005,
        1,
        5.511,
        -19.005,
        5.756,
        -12.313,
        6,
        0
      ]
    },
    {
      "Target": "Parameter",
      "Id": "Param_Angle_Rotation200",
      "Segments": [
        0,
        0,
        0,
        1.467,
        21.726,
        0,
        3,
        0,
        0,
        4.467,
        21.726,
        0,
        6,
        0
      ]
    },
    {
      "Target": "Parameter",
      "Id": "Param107",
      "Segments": [
        0,
        0,
        0,
        1.467,
        -15.102,
        0,
        3,
        0,
        0,
        4.467,
        -15.102,
        0,
        6,
        0
      ]
    },
    {
      "Target": "Parameter",
      "Id": "Param108",
      "Segments": [
        0,
        0,
        1,
        0.222,
        4.934,
        0.445,
        8,
        0.667,
        8,
        0,
        2.2,
        -8.368,
        1,
        2.467,
        -8.368,
        2.733,
        -5.921,
        3,
        0,
        1,
        3.222,
        4.934,
        3.445,
        8,
        3.667,
        8,
        0,
        5.2,
        -8.368,
        1,
        5.467,
        -8.368,
        5.733,
        -5.921,
        6,
        0
      ]
    },
    {
      "Target": "Parameter",
      "Id": "Param109",
      "Segments": [
        0,
        0,
        0,
        1.433,
        6,
        0,
        3,
        0,
        0,
        4.433,
        6,
        0,
        6,
        0
      ]
    },
    {
      "Target": "Parameter",
      "Id": "Param110",
      "Segments": [
        0,
        0,
        1,
        0.222,
        3.007,
        0.445,
        10,
        0.667,
        10,
        0,
        2.167,
        -4,
        1,
        2.445,
        -4,
        2.722,
        -3.759,
        3,
        0,
        1,
        3.222,
        3.007,
        3.445,
        10,
        3.667,
        10,
        0,
        5.167,
        -4,
        1,
        5.445,
        -4,
        5.722,
        -3.759,
        6,
        0
      ]
    },
    {
      "Target": "Parameter",
      "Id": "Param111",
      "Segments": [
        0,
        0,
        1,
        0.278,
        6.032,
        0.555,
        8,
        0.833,
        8,
        0,
        2.367,
        -8.368,
        1,
        2.578,
        -8.368,
        2.789,
        -4.585,
        3,
        0,
        1,
        3.278,
        6.032,
        3.555,
        8,
        3.833,
        8,
        0,
        5.367,
        -8.368,
        1,
        5.578,
        -8.368,
        5.789,
        -4.585,
        6,
        0
      ]
    },
    {
      "Target": "Parameter",
      "Id": "Param112",
      "Segments": [
        0,
        0,
        0,
        1.6,
        6,
        0,
        3,
        0,
        0,
        4.6,
        6,
        0,
        6,
        0
      ]
    },
    {
      "Target": "Parameter",
      "Id": "Param113",
      "Segments": [
        0,
        0,
        0,
        1.467,
        6,
        0,
        3,
        0,
        0,
        4.467,
        6,
        0,
        6,
        0
      ]
    },
    {
      "Target": "Parameter",
      "Id": "Param114",
      "Segments": [
        0,
        0,
        1,
        0.233,
        -6.349,
        0.467,
        -10,
        0.7,
        -10,
        0,
        2.233,
        10,
        1,
        2.489,
        10,
        2.744,
        6.954,
        3,
        0,
        1,
        3.233,
        -6.349,
        3.467,
        -10,
        3.7,
        -10,
        0,
        5.233,
        10,
        1,
        5.489,
        10,
        5.744,
        6.954,
        6,
        0
      ]
    },
    {
      "Target": "Parameter",
      "Id": "Param115",
      "Segments": [
        0,
        0,
        0,
        1.467,
        -7,
        0,
        3,
        0,
        0,
        4.467,
        -7,
        0,
        6,
        0
      ]
    },
    {
      "Target": "Parameter",
      "Id": "ParamAngleY",
      "Segments": [
        0,
        0,
        1,
        0.256,
        -2.113,
        0.511,
        -3.244,
        0.767,
        -3.244,
        0,
        2.233,
        3.1,
        1,
        2.489,
        3.1,
        2.744,
        2.114,
        3,
        0,
        1,
        3.256,
        -2.114,
        3.511,
        -3.244,
        3.767,
        -3.244,
        0,
        5.233,
        3.1,
        1,
        5.489,
        3.1,
        5.744,
        2.114,
        6,
        0
      ]
    },
    {
      "Target": "Parameter",
      "Id": "ParamAngleZ",
      "Segments": [
        0,
        0,
        0,
        1.533,
        2.391,
        0,
        3,
        0,
        0,
        4.533,
        2.391,
        0,
        6,
        0
      ]
    },
    {
      "Target": "Parameter",
      "Id": "ParamEyeROpen",
      "Segments": [
        0,
        1,
        0,
        0.833,
        0.923,
        0,
        1.6,
        1,
        0,
        1.7,
        0,
        2,
        1.733,
        0,
        1,
        1.778,
        0,
        1.822,
        0.891,
        1.867,
        0.9,
        1,
        2.245,
        0.974,
        2.622,
        1,
        3,
        1,
        0,
        4.6,
        0.923,
        0,
        6,
        1
      ]
    },
    {
      "Target": "Parameter",
      "Id": "ParamEyeLOpen",
      "Segments": [
        0,
        1,
        0,
        0.833,
        0.921,
        0,
        1.6,
        1,
        0,
        1.7,
        0,
        2,
        1.733,
        0,
        1,
        1.778,
        0,
        1.822,
        0.891,
        1.867,
        0.9,
        1,
        2.245,
        0.974,
        2.622,
        1,
        3,
        1,
        0,
        4.6,
        0.921,
        0,
        6,
        1
      ]
    },
    {
      "Target": "Parameter",
      "Id": "ParamMouthForm",
      "Segments": [
        0,
        0,
        0,
        1.233,
        0.6,
        0,
        3,
        0,
        0,
        4.233,
        0.6,
        0,
        6,
        0
      ]
    },
    {
      "Target": "Parameter",
      "Id": "ParamBodyAngleX",
      "Segments": [
        0,
        0,
        0,
        1.467,
        8.615,
        0,
        3,
        0,
        0,
        4.467,
        8.615,
        0,
        6,
        0
      ]
    },
    {
      "Target": "Parameter",
      "Id": "Param5",
      "Segments": [
        0,
        0,
        1,
        0.222,
        -4.069,
        0.445,
        -6.622,
        0.667,
        -6.622,
        0,
        2.233,
        6.577,
        1,
        2.489,
        6.577,
        2.744,
        4.679,
        3,
        0,
        1,
        3.222,
        -4.069,
        3.445,
        -6.622,
        3.667,
        -6.622,
        0,
        5.233,
        6.577,
        1,
        5.489,
        6.577,
        5.744,
        4.679,
        6,
        0
      ]
    },
    {
      "Target": "Parameter",
      "Id": "ParamBodyAngleY",
      "Segments": [
        0,
        0,
        0,
        1.467,
        6,
        0,
        3,
        0,
        0,
        4.467,
        6,
        0,
        6,
        0
      ]
    },
    {
      "Target": "Parameter",
      "Id": "Param6",
      "Segments": [
        0,
        0,
        0,
        2.233,
        3.46,
        0,
        3,
        0,
        0,
        5.233,
        3.46,
        0,
        6,
        0
      ]
    },
    {
      "Target": "Parameter",
      "Id": "Param9",
      "Segments": [
        0,
        0,
        0,
        1.467,
        1.085,
        0,
        3,
        0,
        0,
        4.467,
        1.085,
        0,
        6,
        0
      ]
    },
    {
      "Target": "Parameter",
      "Id": "ParamBreath",
      "Segments": [
        0,
        0,
        0,
        1.467,
        1,
        0,
        3,
        0,
        0,
        4.467,
        1,
        0,
        6,
        0
      ]
    },
    {
      "Target": "Parameter",
      "Id": "Param187",
      "Segments": [
        0,
        0.471,
        1,
        0.033,
        0.508,
        0.067,
        0.489,
        0.1,
        0.489,
        0,
        1.133,
        -0.576,
        0,
        1.7,
        27.262,
        0,
        1.867,
        -15.237,
        0,
        2.233,
        4.458,
        0,
        2.6,
        -1.425,
        0,
        3.033,
        0.47,
        0,
        3.4,
        0.046,
        0,
        3.8,
        0.198,
        0,
        5.033,
        -0.216,
        1,
        5.355,
        -0.216,
        5.678,
        0.044,
        6,
        0.372
      ]
    },
    {
      "Target": "Parameter",
      "Id": "Param188",
      "Segments": [
        0,
        0.205,
        1,
        0.167,
        0.252,
        0.333,
        0.261,
        0.5,
        0.261,
        0,
        1.067,
        -0.123,
        0,
        1.6,
        0.1,
        0,
        1.767,
        -10.369,
        0,
        2.333,
        3.132,
        0,
        2.9,
        -0.915,
        0,
        3.5,
        0.265,
        0,
        4.067,
        -0.126,
        0,
        4.6,
        0.102,
        0,
        5.133,
        -0.083,
        0,
        5.433,
        0,
        2,
        6,
        0
      ]
    },
    {
      "Target": "Parameter",
      "Id": "Param189",
      "Segments": [
        0,
        0.473,
        1,
        0.033,
        0.511,
        0.067,
        0.491,
        0.1,
        0.491,
        0,
        1.133,
        -0.591,
        0,
        1.7,
        27.268,
        0,
        1.867,
        -15.231,
        0,
        2.233,
        4.457,
        0,
        2.6,
        -1.424,
        0,
        3.033,
        0.47,
        0,
        3.4,
        0.051,
        0,
        3.8,
        0.202,
        0,
        5.033,
        -0.222,
        2,
        5.067,
        -0.222,
        1,
        5.378,
        -0.222,
        5.689,
        0.042,
        6,
        0.376
      ]
    },
    {
      "Target": "Parameter",
      "Id": "Param190",
      "Segments": [
        0,
        0.205,
        1,
        0.167,
        0.252,
        0.333,
        0.261,
        0.5,
        0.261,
        0,
        1.067,
        -0.123,
        0,
        1.6,
        0.1,
        0,
        1.767,
        -10.369,
        0,
        2.333,
        3.132,
        0,
        2.9,
        -0.915,
        0,
        3.5,
        0.265,
        0,
        4.067,
        -0.126,
        0,
        4.6,
        0.102,
        0,
        5.133,
        -0.083,
        0,
        5.433,
        0,
        2,
        6,
        0
      ]
    },
    {
      "Target": "Parameter",
      "Id": "Param21",
      "Segments": [
        0,
        0,
        0,
        1.4,
        -3.54,
        0,
        3,
        0,
        0,
        4.4,
        -3.54,
        0,
        6,
        0
      ]
    },
    {
      "Target": "Parameter",
      "Id": "Param22",
      "Segments": [
        0,
        0,
        1,
        0.2,
        2.782,
        0.4,
        5,
        0.6,
        5,
        0,
        2.2,
        -4.96,
        1,
        2.467,
        -4.96,
        2.733,
        -3.71,
        3,
        0,
        1,
        3.2,
        2.782,
        3.4,
        5,
        3.6,
        5,
        0,
        5.2,
        -4.96,
        1,
        5.467,
        -4.96,
        5.733,
        -3.71,
        6,
        0
      ]
    },
    {
      "Target": "Parameter",
      "Id": "Param38",
      "Segments": [
        0,
        0,
        1,
        0.267,
        0.536,
        0.533,
        0.858,
        0.8,
        0.858,
        0,
        2.3,
        -0.657,
        1,
        2.533,
        -0.657,
        2.767,
        -0.469,
        3,
        0,
        1,
        3.267,
        0.536,
        3.533,
        0.858,
        3.8,
        0.858,
        0,
        5.3,
        -0.657,
        1,
        5.533,
        -0.657,
        5.767,
        -0.469,
        6,
        0
      ]
    },
    {
      "Target": "Parameter",
      "Id": "Param37",
      "Segments": [
        0,
        0,
        0,
        1.5,
        -3.965,
        0,
        3,
        0,
        0,
        4.5,
        -3.965,
        0,
        6,
        0
      ]
    },
    {
      "Target": "Parameter",
      "Id": "Param76",
      "Segments": [
        0,
        0,
        1,
        0.267,
        9.036,
        0.533,
        13.417,
        0.8,
        13.417,
        0,
        2.3,
        -12,
        1,
        2.533,
        -12,
        2.767,
        -7.906,
        3,
        0,
        1,
        3.267,
        9.036,
        3.533,
        13.417,
        3.8,
        13.417,
        0,
        5.3,
        -12,
        1,
        5.533,
        -12,
        5.767,
        -7.906,
        6,
        0
      ]
    },
    {
      "Target": "Parameter",
      "Id": "Param191",
      "Segments": [
        0,
        0,
        0,
        1.5,
        -1.238,
        0,
        3,
        0,
        0,
        4.5,
        -1.238,
        0,
        6,
        0
      ]
    },
    {
      "Target": "Parameter",
      "Id": "Param47",
      "Segments": [
        0,
        0,
        0,
        1.5,
        5.1,
        0,
        3,
        0,
        0,
        4.5,
        5.1,
        0,
        6,
        0
      ]
    },
    {
      "Target": "Parameter",
      "Id": "Param32",
      "Segments": [
        0,
        0,
        0,
        1.467,
        8.564,
        0,
        3,
        0,
        0,
        4.467,
        8.564,
        0,
        6,
        0
      ]
    },
    {
      "Target": "Parameter",
      "Id": "Param33",
      "Segments": [
        0,
        0,
        1,
        0.144,
        -2.784,
        0.289,
        -4.286,
        0.433,
        -4.286,
        0,
        2.2,
        7.605,
        1,
        2.467,
        7.605,
        2.733,
        5.14,
        3,
        0,
        1,
        3.144,
        -2.784,
        3.289,
        -4.286,
        3.433,
        -4.286,
        0,
        5.2,
        7.605,
        1,
        5.467,
        7.605,
        5.733,
        4.651,
        6,
        0
      ]
    },
    {
      "Target": "Parameter",
      "Id": "Param34",
      "Segments": [
        0,
        0,
        1,
        0.367,
        -7.734,
        0.733,
        -11.21,
        1.1,
        -11.21,
        0,
        2.767,
        2.958,
        1,
        2.845,
        2.958,
        2.922,
        1.641,
        3,
        0,
        1,
        3.367,
        -7.734,
        3.733,
        -11.21,
        4.1,
        -11.21,
        0,
        5.767,
        2.958,
        1,
        5.845,
        2.958,
        5.922,
        1.513,
        6,
        0
      ]
    },
    {
      "Target": "Parameter",
      "Id": "Param35",
      "Segments": [
        0,
        0,
        1,
        0.133,
        2.768,
        0.267,
        3.131,
        0.4,
        3.131,
        0,
        1.867,
        -13.36,
        1,
        2.245,
        -13.36,
        2.622,
        -7.842,
        3,
        0,
        1,
        3.133,
        2.768,
        3.267,
        3.131,
        3.4,
        3.131,
        0,
        4.867,
        -13.36,
        1,
        5.245,
        -13.36,
        5.622,
        -6.696,
        6,
        0
      ]
    },
    {
      "Target": "Parameter",
      "Id": "Param51",
      "Segments": [
        0,
        0,
        0,
        1.467,
        8.564,
        0,
        3,
        0,
        0,
        4.467,
        8.564,
        0,
        6,
        0
      ]
    },
    {
      "Target": "Parameter",
      "Id": "Param52",
      "Segments": [
        0,
        0,
        1,
        0.144,
        -2.784,
        0.289,
        -4.286,
        0.433,
        -4.286,
        0,
        2.2,
        7.605,
        1,
        2.467,
        7.605,
        2.733,
        5.14,
        3,
        0,
        1,
        3.144,
        -2.784,
        3.289,
        -4.286,
        3.433,
        -4.286,
        0,
        5.2,
        7.605,
        1,
        5.467,
        7.605,
        5.733,
        4.651,
        6,
        0
      ]
    },
    {
      "Target": "Parameter",
      "Id": "Param53",
      "Segments": [
        0,
        0,
        1,
        0.367,
        -7.734,
        0.733,
        -11.21,
        1.1,
        -11.21,
        0,
        2.767,
        2.958,
        1,
        2.845,
        2.958,
        2.922,
        1.641,
        3,
        0,
        1,
        3.367,
        -7.734,
        3.733,
        -11.21,
        4.1,
        -11.21,
        0,
        5.767,
        2.958,
        1,
        5.845,
        2.958,
        5.922,
        1.513,
        6,
        0
      ]
    },
    {
      "Target": "Parameter",
      "Id": "Param54",
      "Segments": [
        0,
        0,
        1,
        0.133,
        2.768,
        0.267,
        3.131,
        0.4,
        3.131,
        0,
        1.867,
        -13.36,
        1,
        2.245,
        -13.36,
        2.622,
        -7.842,
        3,
        0,
        1,
        3.133,
        2.768,
        3.267,
        3.131,
        3.4,
        3.131,
        0,
        4.867,
        -13.36,
        1,
        5.245,
        -13.36,
        5.622,
        -6.696,
        6,
        0
      ]
    },
    {
      "Target": "Parameter",
      "Id": "Param95",
      "Segments": [
        0,
        0,
        0,
        1.5,
        18,
        0,
        3,
        0,
        0,
        4.5,
        18,
        1,
        5,
        18,
        5.5,
        1.024,
        6,
        0
      ]
    },
    {
      "Target": "Parameter",
      "Id": "Param96",
      "Segments": [
        0,
        0,
        1,
        0.244,
        -11.727,
        0.489,
        -18,
        0.733,
        -18,
        0,
        2.233,
        18,
        1,
        2.489,
        18,
        2.744,
        12.26,
        3,
        0,
        1,
        3.244,
        -11.727,
        3.489,
        -18,
        3.733,
        -18,
        0,
        5.233,
        18,
        0,
        6,
        0
      ]
    },
    {
      "Target": "Parameter",
      "Id": "Param97",
      "Segments": [
        0,
        0,
        0,
        1.5,
        -18,
        0,
        3,
        0,
        0,
        4.5,
        -18,
        1,
        5,
        -18,
        5.5,
        -0.121,
        6,
        0
      ]
    },
    {
      "Target": "Parameter",
      "Id": "Param98",
      "Segments": [
        0,
        0,
        1,
        0.256,
        13.01,
        0.511,
        19.122,
        0.767,
        19.122,
        0,
        2.267,
        -19.079,
        1,
        2.511,
        -19.079,
        2.756,
        -12.444,
        3,
        0,
        1,
        3.256,
        13.01,
        3.511,
        19.122,
        3.767,
        19.122,
        0,
        5.267,
        -19.079,
        0,
        6,
        0
      ]
    },
    {
      "Target": "Parameter",
      "Id": "Param99",
      "Segments": [
        0,
        0,
        0,
        1.533,
        18,
        0,
        3,
        0,
        0,
        4.533,
        18,
        1,
        5.022,
        18,
        5.511,
        0.987,
        6,
        0
      ]
    },
    {
      "Target": "Parameter",
      "Id": "Param100",
      "Segments": [
        0,
        0,
        1,
        0.267,
        -13.51,
        0.533,
        -19.079,
        0.8,
        -19.079,
        0,
        2.3,
        19.122,
        1,
        2.533,
        19.122,
        2.767,
        11.822,
        3,
        0,
        1,
        3.267,
        -13.51,
        3.533,
        -19.079,
        3.8,
        -19.079,
        0,
        5.3,
        19.122,
        0,
        6,
        0
      ]
    },
    {
      "Target": "Parameter",
      "Id": "Param101",
      "Segments": [
        0,
        0,
        0,
        1.533,
        18,
        0,
        3,
        0,
        0,
        4.533,
        18,
        1,
        5.022,
        18,
        5.511,
        1.343,
        6,
        0
      ]
    },
    {
      "Target": "Parameter",
      "Id": "Param102",
      "Segments": [
        0,
        0,
        1,
        0.256,
        -13.008,
        0.511,
        -19.079,
        0.767,
        -19.079,
        0,
        2.267,
        19.122,
        1,
        2.511,
        19.122,
        2.756,
        12.443,
        3,
        0,
        1,
        3.256,
        -13.008,
        3.511,
        -19.079,
        3.767,
        -19.079,
        0,
        5.267,
        19.122,
        0,
        6,
        0
      ]
    },
    {
      "Target": "Parameter",
      "Id": "Param_Angle_Rotation181",
      "Segments": [
        0,
        0,
        0,
        1.5,
        5.649,
        0,
        3,
        0,
        0,
        4.5,
        5.649,
        1,
        5,
        5.649,
        5.5,
        2.527,
        6,
        0
      ]
    },
    {
      "Target": "Parameter",
      "Id": "Param_Angle_Rotation182",
      "Segments": [
        0,
        0,
        1,
        0.211,
        -3.898,
        0.422,
        -5.999,
        0.633,
        -5.999,
        0,
        2.033,
        8.779,
        1,
        2.355,
        8.779,
        2.678,
        5.95,
        3,
        0,
        1,
        3.211,
        -3.898,
        3.422,
        -5.999,
        3.633,
        -5.999,
        0,
        5.033,
        8.779,
        1,
        5.355,
        8.779,
        5.678,
        0.966,
        6,
        0
      ]
    },
    {
      "Target": "Parameter",
      "Id": "Param_Angle_Rotation183",
      "Segments": [
        0,
        0,
        1,
        0.367,
        -5.94,
        0.733,
        -9,
        1.1,
        -9,
        0,
        2.533,
        3.694,
        1,
        2.689,
        3.694,
        2.844,
        2.52,
        3,
        0,
        1,
        3.367,
        -5.94,
        3.733,
        -9,
        4.1,
        -9,
        0,
        5.533,
        3.694,
        1,
        5.689,
        3.694,
        5.844,
        0.161,
        6,
        0
      ]
    },
    {
      "Target": "Parameter",
      "Id": "Param_Angle_Rotation184",
      "Segments": [
        0,
        0,
        0,
        1.767,
        -14,
        0,
        3,
        0,
        0,
        4.767,
        -14,
        1,
        5.178,
        -14,
        5.589,
        -4.09,
        6,
        0
      ]
    },
    {
      "Target": "Parameter",
      "Id": "Param_Angle_Rotation186",
      "Segments": [
        0,
        0,
        0,
        1.5,
        5.649,
        0,
        3,
        0,
        0,
        4.5,
        5.649,
        1,
        5,
        5.649,
        5.5,
        2.527,
        6,
        0
      ]
    },
    {
      "Target": "Parameter",
      "Id": "Param_Angle_Rotation187",
      "Segments": [
        0,
        0,
        1,
        0.211,
        -3.898,
        0.422,
        -5.999,
        0.633,
        -5.999,
        0,
        2.033,
        8.779,
        1,
        2.355,
        8.779,
        2.678,
        5.95,
        3,
        0,
        1,
        3.211,
        -3.898,
        3.422,
        -5.999,
        3.633,
        -5.999,
        0,
        5.033,
        8.779,
        1,
        5.355,
        8.779,
        5.678,
        0.966,
        6,
        0
      ]
    },
    {
      "Target": "Parameter",
      "Id": "Param_Angle_Rotation188",
      "Segments": [
        0,
        0,
        1,
        0.367,
        -5.94,
        0.733,
        -9,
        1.1,
        -9,
        0,
        2.533,
        3.694,
        1,
        2.689,
        3.694,
        2.844,
        2.52,
        3,
        0,
        1,
        3.367,
        -5.94,
        3.733,
        -9,
        4.1,
        -9,
        0,
        5.533,
        3.694,
        1,
        5.689,
        3.694,
        5.844,
        0.161,
        6,
        0
      ]
    },
    {
      "Target": "Parameter",
      "Id": "Param_Angle_Rotation189",
      "Segments": [
        0,
        0,
        0,
        1.767,
        -14,
        0,
        3,
        0,
        0,
        4.767,
        -14,
        1,
        5.178,
        -14,
        5.589,
        -4.09,
        6,
        0
      ]
    },
    {
      "Target": "Parameter",
      "Id": "Param_Angle_Rotation191",
      "Segments": [
        0,
        0,
        0,
        1.5,
        5.649,
        0,
        3,
        0,
        0,
        4.5,
        5.649,
        0,
        6,
        0
      ]
    },
    {
      "Target": "Parameter",
      "Id": "Param_Angle_Rotation192",
      "Segments": [
        0,
        0,
        1,
        0.211,
        -3.898,
        0.422,
        -5.999,
        0.633,
        -5.999,
        0,
        2.033,
        8.779,
        1,
        2.355,
        8.779,
        2.678,
        5.95,
        3,
        0,
        1,
        3.211,
        -3.898,
        3.422,
        -5.999,
        3.633,
        -5.999,
        0,
        5.033,
        8.779,
        1,
        5.355,
        8.779,
        5.678,
        1.118,
        6,
        0
      ]
    },
    {
      "Target": "Parameter",
      "Id": "Param_Angle_Rotation193",
      "Segments": [
        0,
        0,
        1,
        0.367,
        -5.94,
        0.733,
        -9,
        1.1,
        -9,
        0,
        2.533,
        3.694,
        1,
        2.689,
        3.694,
        2.844,
        2.52,
        3,
        0,
        1,
        3.367,
        -5.94,
        3.733,
        -9,
        4.1,
        -9,
        0,
        5.533,
        3.694,
        0,
        6,
        0
      ]
    },
    {
      "Target": "Parameter",
      "Id": "Param_Angle_Rotation195",
      "Segments": [
        0,
        0,
        0,
        1.5,
        5.649,
        0,
        3,
        0,
        0,
        4.5,
        5.649,
        1,
        5,
        5.649,
        5.5,
        2.883,
        6,
        0
      ]
    },
    {
      "Target": "Parameter",
      "Id": "Param_Angle_Rotation196",
      "Segments": [
        0,
        0,
        1,
        0.211,
        -3.898,
        0.422,
        -5.999,
        0.633,
        -5.999,
        0,
        2.033,
        8.779,
        1,
        2.355,
        8.779,
        2.678,
        5.95,
        3,
        0,
        1,
        3.211,
        -3.898,
        3.422,
        -5.999,
        3.633,
        -5.999,
        0,
        5.033,
        8.779,
        1,
        5.355,
        8.779,
        5.678,
        1.232,
        6,
        0
      ]
    },
    {
      "Target": "Parameter",
      "Id": "Param_Angle_Rotation197",
      "Segments": [
        0,
        0,
        1,
        0.367,
        -5.94,
        0.733,
        -9,
        1.1,
        -9,
        0,
        2.533,
        3.694,
        1,
        2.689,
        3.694,
        2.844,
        2.52,
        3,
        0,
        1,
        3.367,
        -5.94,
        3.733,
        -9,
        4.1,
        -9,
        0,
        5.533,
        3.694,
        1,
        5.689,
        3.694,
        5.844,
        0.176,
        6,
        0
      ]
    },
    {
      "Target": "Parameter",
      "Id": "Param121",
      "Segments": [
        0,
        0,
        1,
        0.244,
        1.33,
        0.489,
        1.938,
        0.733,
        1.938,
        0,
        2.233,
        -2.146,
        1,
        2.489,
        -2.146,
        2.744,
        -1.39,
        3,
        0,
        1,
        3.244,
        1.33,
        3.489,
        1.938,
        3.733,
        1.938,
        0,
        5.233,
        -2.146,
        1,
        5.489,
        -2.146,
        5.744,
        -1.39,
        6,
        0
      ]
    },
    {
      "Target": "Parameter",
      "Id": "Param116",
      "Segments": [
        0,
        0,
        2,
        3,
        0,
        2,
        4.867,
        0,
        0,
        4.967,
        1,
        0,
        5.1,
        0,
        2,
        6,
        0
      ]
    },
    {
      "Target": "Parameter",
      "Id": "Param126",
      "Segments": [
        0,
        0,
        0,
        1.467,
        1,
        0,
        3,
        0,
        0,
        4.467,
        1,
        0,
        6,
        0
      ]
    },
    {
      "Target": "Parameter",
      "Id": "Param117",
      "Segments": [
        0,
        0,
        1,
        0.267,
        -11.361,
        0.533,
        -28,
        0.8,
        -28,
        0,
        2.233,
        12,
        1,
        2.489,
        12,
        2.744,
        10.888,
        3,
        0,
        1,
        3.267,
        -11.361,
        3.533,
        -28,
        3.8,
        -28,
        0,
        5.233,
        12,
        1,
        5.489,
        12,
        5.744,
        10.888,
        6,
        0
      ]
    },
    {
      "Target": "Parameter",
      "Id": "Param119",
      "Segments": [
        0,
        0,
        0,
        1.5,
        10,
        1,
        1.767,
        10,
        2.033,
        8.539,
        2.3,
        5,
        1,
        2.533,
        1.903,
        2.767,
        0,
        3,
        0,
        0,
        4.5,
        10,
        1,
        4.767,
        10,
        5.033,
        8.539,
        5.3,
        5,
        1,
        5.533,
        1.903,
        5.767,
        0,
        6,
        0
      ]
    },
    {
      "Target": "Parameter",
      "Id": "Param120",
      "Segments": [
        0,
        0,
        1,
        0.244,
        -7.46,
        0.489,
        -12,
        0.733,
        -12,
        0,
        2.233,
        11,
        1,
        2.489,
        11,
        2.744,
        7.799,
        3,
        0,
        1,
        3.244,
        -7.46,
        3.489,
        -12,
        3.733,
        -12,
        0,
        5.233,
        11,
        1,
        5.489,
        11,
        5.744,
        7.799,
        6,
        0
      ]
    },
    {
      "Target": "Parameter",
      "Id": "Param123",
      "Segments": [
        0,
        0,
        0,
        1.567,
        14,
        0,
        3,
        0,
        0,
        4.567,
        14,
        0,
        6,
        0
      ]
    },
    {
      "Target": "Parameter",
      "Id": "Param142",
      "Segments": [
        0,
        0,
        0,
        1.467,
        1,
        0,
        3,
        0,
        0,
        4.467,
        1,
        0,
        6,
        0
      ]
    },
    {
      "Target": "Parameter",
      "Id": "Param139",
      "Segments": [
        0,
        0,
        0,
        1.467,
        -12,
        0,
        3,
        0,
        0,
        4.467,
        -12,
        0,
        6,
        0
      ]
    },
    {
      "Target": "Parameter",
      "Id": "Param137",
      "Segments": [
        0,
        0,
        1,
        0.211,
        -6.689,
        0.422,
        -14,
        0.633,
        -14,
        0,
        2.167,
        11,
        1,
        2.445,
        11,
        2.722,
        8.802,
        3,
        0,
        1,
        3.211,
        -6.689,
        3.422,
        -14,
        3.633,
        -14,
        0,
        5.167,
        11,
        1,
        5.445,
        11,
        5.722,
        8.802,
        6,
        0
      ]
    },
    {
      "Target": "Parameter",
      "Id": "Param143",
      "Segments": [
        0,
        0,
        1,
        0.211,
        -5.224,
        0.422,
        -9,
        0.633,
        -9,
        0,
        2.2,
        9,
        1,
        2.467,
        9,
        2.733,
        6.598,
        3,
        0,
        1,
        3.211,
        -5.224,
        3.422,
        -9,
        3.633,
        -9,
        0,
        5.2,
        9,
        1,
        5.467,
        9,
        5.733,
        6.598,
        6,
        0
      ]
    },
    {
      "Target": "Parameter",
      "Id": "Paramring",
      "Segments": [
        0,
        0,
        0,
        6,
        0
      ]
    },
    {
      "Target": "Parameter",
      "Id": "Param262",
      "Segments": [
        0,
        0,
        0,
        6,
        0
      ]
    },
    {
      "Target": "Parameter",
      "Id": "Param263",
      "Segments": [
        0,
        0,
        0,
        6,
        0
      ]
    },
    {
      "Target": "Parameter",
      "Id": "houfabuzheng",
      "Segments": [
        0,
        0,
        0,
        6,
        0
      ]
    },
    {
      "Target": "Parameter",
      "Id": "ParamAngleX",
      "Segments": [
        0,
        0,
        0,
        6,
        0
      ]
    },
    {
      "Target": "Parameter",
      "Id": "Param4",
      "Segments": [
        0,
        0,
        0,
        6,
        0
      ]
    },
    {
      "Target": "Parameter",
      "Id": "Param182",
      "Segments": [
        0,
        0,
        0,
        6,
        0
      ]
    },
    {
      "Target": "Parameter",
      "Id": "Param10",
      "Segments": [
        0,
        0,
        0,
        6,
        0
      ]
    },
    {
      "Target": "Parameter",
      "Id": "ParamEyeRSmile",
      "Segments": [
        0,
        0,
        0,
        6,
        0
      ]
    },
    {
      "Target": "Parameter",
      "Id": "ParamEyeLSmile",
      "Segments": [
        0,
        0,
        0,
        6,
        0
      ]
    },
    {
      "Target": "Parameter",
      "Id": "Param163",
      "Segments": [
        0,
        0,
        0,
        6,
        0
      ]
    },
    {
      "Target": "Parameter",
      "Id": "Param162",
      "Segments": [
        0,
        0,
        0,
        6,
        0
      ]
    },
    {
      "Target": "Parameter",
      "Id": "Param186",
      "Segments": [
        0,
        0,
        0,
        6,
        0
      ]
    },
    {
      "Target": "Parameter",
      "Id": "ParamEyeBallX",
      "Segments": [
        0,
        0,
        0,
        6,
        0
      ]
    },
    {
      "Target": "Parameter",
      "Id": "ParamEyeBallY",
      "Segments": [
        0,
        0,
        0,
        6,
        0
      ]
    },
    {
      "Target": "Parameter",
      "Id": "ParamBrowRX",
      "Segments": [
        0,
        0,
        0,
        6,
        0
      ]
    },
    {
      "Target": "Parameter",
      "Id": "ParamBrowRY",
      "Segments": [
        0,
        0,
        0,
        6,
        0
      ]
    },
    {
      "Target": "Parameter",
      "Id": "ParamBrowLX",
      "Segments": [
        0,
        0,
        0,
        6,
        0
      ]
    },
    {
      "Target": "Parameter",
      "Id": "ParamBrowLY",
      "Segments": [
        0,
        0,
        0,
        6,
        0
      ]
    },
    {
      "Target": "Parameter",
      "Id": "ParamBrowRAngle",
      "Segments": [
        0,
        0,
        0,
        6,
        0
      ]
    },
    {
      "Target": "Parameter",
      "Id": "ParamBrowLAngle",
      "Segments": [
        0,
        0,
        0,
        6,
        0
      ]
    },
    {
      "Target": "Parameter",
      "Id": "ParamBrowRForm",
      "Segments": [
        0,
        0,
        0,
        6,
        0
      ]
    },
    {
      "Target": "Parameter",
      "Id": "ParamBrowLForm",
      "Segments": [
        0,
        0,
        0,
        6,
        0
      ]
    },
    {
      "Target": "Parameter",
      "Id": "ParamCheek",
      "Segments": [
        0,
        0,
        0,
        6,
        0
      ]
    },
    {
      "Target": "Parameter",
      "Id": "Param",
      "Segments": [
        0,
        0,
        0,
        6,
        0
      ]
    },
    {
      "Target": "Parameter",
      "Id": "ParamMouthOpenY",
      "Segments": [
        0,
        0,
        0,
        6,
        0
      ]
    },
    {
      "Target": "Parameter",
      "Id": "Param250",
      "Segments": [
        0,
        0,
        0,
        6,
        0
      ]
    },
    {
      "Target": "Parameter",
      "Id": "Param261",
      "Segments": [
        0,
        0,
        0,
        6,
        0
      ]
    },
    {
      "Target": "Parameter",
      "Id": "Param242",
      "Segments": [
        0,
        0,
        0,
        6,
        0
      ]
    },
    {
      "Target": "Parameter",
      "Id": "Param153",
      "Segments": [
        0,
        0,
        0,
        6,
        0
      ]
    },
    {
      "Target": "Parameter",
      "Id": "Param154",
      "Segments": [
        0,
        0,
        0,
        6,
        0
      ]
    },
    {
      "Target": "Parameter",
      "Id": "Param2",
      "Segments": [
        0,
        0,
        0,
        6,
        0
      ]
    },
    {
      "Target": "Parameter",
      "Id": "Param3",
      "Segments": [
        0,
        0,
        0,
        6,
        0
      ]
    },
    {
      "Target": "Parameter",
      "Id": "Param178",
      "Segments": [
        0,
        0,
        0,
        6,
        0
      ]
    },
    {
      "Target": "Parameter",
      "Id": "Param179",
      "Segments": [
        0,
        0,
        0,
        6,
        0
      ]
    },
    {
      "Target": "Parameter",
      "Id": "Param164",
      "Segments": [
        0,
        0,
        0,
        6,
        0
      ]
    },
    {
      "Target": "Parameter",
      "Id": "Param240",
      "Segments": [
        0,
        0,
        0,
        6,
        0
      ]
    },
    {
      "Target": "Parameter",
      "Id": "Param241",
      "Segments": [
        0,
        0,
        0,
        6,
        0
      ]
    },
    {
      "Target": "Parameter",
      "Id": "ParamBodyAngleZ",
      "Segments": [
        0,
        0,
        0,
        6,
        0
      ]
    },
    {
      "Target": "Parameter",
      "Id": "Param8",
      "Segments": [
        0,
        0,
        0,
        6,
        0
      ]
    },
    {
      "Target": "Parameter",
      "Id": "Param26",
      "Segments": [
        0,
        0,
        0,
        6,
        0
      ]
    },
    {
      "Target": "Parameter",
      "Id": "Param28",
      "Segments": [
        0,
        0,
        0,
        6,
        0
      ]
    },
    {
      "Target": "Parameter",
      "Id": "Param11",
      "Segments": [
        0,
        0,
        0,
        6,
        0
      ]
    },
    {
      "Target": "Parameter",
      "Id": "Param12",
      "Segments": [
        0,
        0,
        0,
        6,
        0
      ]
    },
    {
      "Target": "Parameter",
      "Id": "Param181",
      "Segments": [
        0,
        0,
        0,
        6,
        0
      ]
    },
    {
      "Target": "Parameter",
      "Id": "Param180",
      "Segments": [
        0,
        0,
        0,
        6,
        0
      ]
    },
    {
      "Target": "Parameter",
      "Id": "Param149",
      "Segments": [
        0,
        0,
        0,
        6,
        0
      ]
    },
    {
      "Target": "Parameter",
      "Id": "Param147",
      "Segments": [
        0,
        0,
        0,
        6,
        0
      ]
    },
    {
      "Target": "Parameter",
      "Id": "Param148",
      "Segments": [
        0,
        0,
        0,
        6,
        0
      ]
    },
    {
      "Target": "Parameter",
      "Id": "Param217",
      "Segments": [
        0,
        0,
        0,
        6,
        0
      ]
    },
    {
      "Target": "Parameter",
      "Id": "Param150",
      "Segments": [
        0,
        0,
        0,
        6,
        0
      ]
    },
    {
      "Target": "Parameter",
      "Id": "Param155",
      "Segments": [
        0,
        0,
        0,
        6,
        0
      ]
    },
    {
      "Target": "Parameter",
      "Id": "Param151",
      "Segments": [
        0,
        0,
        0,
        6,
        0
      ]
    },
    {
      "Target": "Parameter",
      "Id": "Param152",
      "Segments": [
        0,
        0,
        0,
        6,
        0
      ]
    },
    {
      "Target": "Parameter",
      "Id": "Param249",
      "Segments": [
        0,
        0,
        0,
        6,
        0
      ]
    },
    {
      "Target": "Parameter",
      "Id": "Param200",
      "Segments": [
        0,
        0,
        0,
        6,
        0
      ]
    },
    {
      "Target": "Parameter",
      "Id": "Param201",
      "Segments": [
        0,
        0,
        0,
        6,
        0
      ]
    },
    {
      "Target": "Parameter",
      "Id": "Param202",
      "Segments": [
        0,
        0,
        0,
        6,
        0
      ]
    },
    {
      "Target": "Parameter",
      "Id": "Param206",
      "Segments": [
        0,
        0,
        0,
        6,
        0
      ]
    },
    {
      "Target": "Parameter",
      "Id": "Param204",
      "Segments": [
        0,
        0,
        0,
        6,
        0
      ]
    },
    {
      "Target": "Parameter",
      "Id": "Param205",
      "Segments": [
        0,
        0,
        0,
        6,
        0
      ]
    },
    {
      "Target": "Parameter",
      "Id": "Param203",
      "Segments": [
        0,
        0,
        0,
        6,
        0
      ]
    },
    {
      "Target": "Parameter",
      "Id": "Param210",
      "Segments": [
        0,
        0,
        0,
        6,
        0
      ]
    },
    {
      "Target": "Parameter",
      "Id": "Param208",
      "Segments": [
        0,
        0,
        0,
        6,
        0
      ]
    },
    {
      "Target": "Parameter",
      "Id": "Param207",
      "Segments": [
        0,
        0,
        0,
        6,
        0
      ]
    },
    {
      "Target": "Parameter",
      "Id": "Param209",
      "Segments": [
        0,
        0,
        0,
        6,
        0
      ]
    },
    {
      "Target": "Parameter",
      "Id": "Param226",
      "Segments": [
        0,
        0,
        0,
        6,
        0
      ]
    },
    {
      "Target": "Parameter",
      "Id": "Param227",
      "Segments": [
        0,
        0,
        0,
        6,
        0
      ]
    },
    {
      "Target": "Parameter",
      "Id": "Param248",
      "Segments": [
        0,
        0,
        0,
        6,
        0
      ]
    },
    {
      "Target": "Parameter",
      "Id": "Param228",
      "Segments": [
        0,
        0,
        0,
        6,
        0
      ]
    },
    {
      "Target": "Parameter",
      "Id": "Param229",
      "Segments": [
        0,
        0,
        0,
        6,
        0
      ]
    },
    {
      "Target": "Parameter",
      "Id": "Param230",
      "Segments": [
        0,
        0,
        0,
        6,
        0
      ]
    },
    {
      "Target": "Parameter",
      "Id": "Param231",
      "Segments": [
        0,
        0,
        0,
        6,
        0
      ]
    },
    {
      "Target": "Parameter",
      "Id": "Param243",
      "Segments": [
        0,
        0,
        0,
        6,
        0
      ]
    },
    {
      "Target": "Parameter",
      "Id": "Param245",
      "Segments": [
        0,
        0,
        0,
        6,
        0
      ]
    },
    {
      "Target": "Parameter",
      "Id": "Param246",
      "Segments": [
        0,
        0,
        0,
        6,
        0
      ]
    },
    {
      "Target": "Parameter",
      "Id": "Param132",
      "Segments": [
        0,
        0,
        0,
        6,
        0
      ]
    },
    {
      "Target": "Parameter",
      "Id": "Param172",
      "Segments": [
        0,
        0,
        0,
        6,
        0
      ]
    },
    {
      "Target": "Parameter",
      "Id": "Param197",
      "Segments": [
        0,
        0,
        0,
        6,
        0
      ]
    },
    {
      "Target": "Parameter",
      "Id": "Param198",
      "Segments": [
        0,
        0,
        0,
        6,
        0
      ]
    },
    {
      "Target": "Parameter",
      "Id": "Param173",
      "Segments": [
        0,
        0,
        0,
        6,
        0
      ]
    },
    {
      "Target": "Parameter",
      "Id": "Param174",
      "Segments": [
        0,
        0,
        0,
        6,
        0
      ]
    },
    {
      "Target": "Parameter",
      "Id": "Param194",
      "Segments": [
        0,
        0,
        0,
        6,
        0
      ]
    },
    {
      "Target": "Parameter",
      "Id": "Param183",
      "Segments": [
        0,
        0,
        0,
        6,
        0
      ]
    },
    {
      "Target": "Parameter",
      "Id": "Param184",
      "Segments": [
        0,
        0,
        0,
        6,
        0
      ]
    },
    {
      "Target": "Parameter",
      "Id": "Param185",
      "Segments": [
        0,
        0,
        0,
        6,
        0
      ]
    },
    {
      "Target": "Parameter",
      "Id": "Param133",
      "Segments": [
        0,
        0,
        0,
        6,
        0
      ]
    },
    {
      "Target": "Parameter",
      "Id": "Param134",
      "Segments": [
        0,
        0,
        0,
        6,
        0
      ]
    },
    {
      "Target": "Parameter",
      "Id": "Param177",
      "Segments": [
        0,
        0,
        0,
        6,
        0
      ]
    },
    {
      "Target": "Parameter",
      "Id": "Param175",
      "Segments": [
        0,
        0,
        0,
        6,
        0
      ]
    },
    {
      "Target": "Parameter",
      "Id": "Param176",
      "Segments": [
        0,
        0,
        0,
        6,
        0
      ]
    },
    {
      "Target": "Parameter",
      "Id": "Param221",
      "Segments": [
        0,
        0,
        0,
        6,
        0
      ]
    },
    {
      "Target": "Parameter",
      "Id": "Param211",
      "Segments": [
        0,
        0,
        0,
        6,
        0
      ]
    },
    {
      "Target": "Parameter",
      "Id": "Param212",
      "Segments": [
        0,
        0,
        0,
        6,
        0
      ]
    },
    {
      "Target": "Parameter",
      "Id": "Param135",
      "Segments": [
        0,
        0,
        0,
        6,
        0
      ]
    },
    {
      "Target": "Parameter",
      "Id": "Param146",
      "Segments": [
        0,
        0,
        0,
        6,
        0
      ]
    },
    {
      "Target": "Parameter",
      "Id": "Param145",
      "Segments": [
        0,
        0,
        0,
        6,
        0
      ]
    },
    {
      "Target": "Parameter",
      "Id": "Param157",
      "Segments": [
        0,
        0,
        0,
        6,
        0
      ]
    },
    {
      "Target": "Parameter",
      "Id": "Param161",
      "Segments": [
        0,
        0,
        0,
        6,
        0
      ]
    },
    {
      "Target": "Parameter",
      "Id": "Param160",
      "Segments": [
        0,
        0,
        0,
        6,
        0
      ]
    },
    {
      "Target": "Parameter",
      "Id": "Param159",
      "Segments": [
        0,
        0,
        0,
        6,
        0
      ]
    },
    {
      "Target": "Parameter",
      "Id": "Param165",
      "Segments": [
        0,
        0,
        0,
        6,
        0
      ]
    },
    {
      "Target": "Parameter",
      "Id": "Param170",
      "Segments": [
        0,
        0,
        0,
        6,
        0
      ]
    },
    {
      "Target": "Parameter",
      "Id": "Param169",
      "Segments": [
        0,
        0,
        0,
        6,
        0
      ]
    },
    {
      "Target": "Parameter",
      "Id": "Param166",
      "Segments": [
        0,
        0,
        0,
        6,
        0
      ]
    },
    {
      "Target": "Parameter",
      "Id": "Param199",
      "Segments": [
        0,
        0,
        0,
        6,
        0
      ]
    },
    {
      "Target": "Parameter",
      "Id": "Param171",
      "Segments": [
        0,
        0,
        0,
        6,
        0
      ]
    },
    {
      "Target": "Parameter",
      "Id": "Param167",
      "Segments": [
        0,
        0,
        0,
        6,
        0
      ]
    },
    {
      "Target": "Parameter",
      "Id": "Param168",
      "Segments": [
        0,
        0,
        0,
        6,
        0
      ]
    },
    {
      "Target": "Parameter",
      "Id": "Param195",
      "Segments": [
        0,
        0,
        0,
        6,
        0
      ]
    },
    {
      "Target": "Parameter",
      "Id": "Param218",
      "Segments": [
        0,
        0,
        0,
        6,
        0
      ]
    },
    {
      "Target": "Parameter",
      "Id": "Param220",
      "Segments": [
        0,
        0,
        0,
        6,
        0
      ]
    },
    {
      "Target": "Parameter",
      "Id": "Param219",
      "Segments": [
        0,
        0,
        0,
        6,
        0
      ]
    },
    {
      "Target": "Parameter",
      "Id": "Param7",
      "Segments": [
        0,
        0,
        0,
        6,
        0
      ]
    },
    {
      "Target": "Parameter",
      "Id": "Param13",
      "Segments": [
        0,
        0,
        0,
        6,
        0
      ]
    },
    {
      "Target": "Parameter",
      "Id": "Param14",
      "Segments": [
        0,
        0,
        0,
        6,
        0
      ]
    },
    {
      "Target": "Parameter",
      "Id": "Param18",
      "Segments": [
        0,
        0,
        0,
        6,
        0
      ]
    },
    {
      "Target": "Parameter",
      "Id": "Param15",
      "Segments": [
        0,
        0,
        0,
        6,
        0
      ]
    },
    {
      "Target": "Parameter",
      "Id": "Param16",
      "Segments": [
        0,
        0,
        0,
        6,
        0
      ]
    },
    {
      "Target": "Parameter",
      "Id": "Param17",
      "Segments": [
        0,
        0,
        0,
        6,
        0
      ]
    },
    {
      "Target": "Parameter",
      "Id": "Param23",
      "Segments": [
        0,
        0,
        0,
        6,
        0
      ]
    },
    {
      "Target": "Parameter",
      "Id": "Param24",
      "Segments": [
        0,
        0,
        0,
        6,
        0
      ]
    },
    {
      "Target": "Parameter",
      "Id": "Param25",
      "Segments": [
        0,
        0,
        0,
        6,
        0
      ]
    },
    {
      "Target": "Parameter",
      "Id": "Param19",
      "Segments": [
        0,
        0,
        0,
        6,
        0
      ]
    },
    {
      "Target": "Parameter",
      "Id": "Param27",
      "Segments": [
        0,
        0,
        0,
        6,
        0
      ]
    },
    {
      "Target": "Parameter",
      "Id": "Param196",
      "Segments": [
        0,
        0,
        0,
        6,
        0
      ]
    },
    {
      "Target": "Parameter",
      "Id": "Param20",
      "Segments": [
        0,
        0,
        0,
        6,
        0
      ]
    },
    {
      "Target": "Parameter",
      "Id": "Param29",
      "Segments": [
        0,
        0,
        0,
        6,
        0
      ]
    },
    {
      "Target": "Parameter",
      "Id": "Param83",
      "Segments": [
        0,
        0,
        0,
        6,
        0
      ]
    },
    {
      "Target": "Parameter",
      "Id": "Param30",
      "Segments": [
        0,
        0,
        0,
        6,
        0
      ]
    },
    {
      "Target": "Parameter",
      "Id": "Param77",
      "Segments": [
        0,
        0,
        0,
        6,
        0
      ]
    },
    {
      "Target": "Parameter",
      "Id": "Param80",
      "Segments": [
        0,
        0,
        0,
        6,
        0
      ]
    },
    {
      "Target": "Parameter",
      "Id": "Param84",
      "Segments": [
        0,
        0,
        0,
        6,
        0
      ]
    },
    {
      "Target": "Parameter",
      "Id": "Param88",
      "Segments": [
        0,
        0,
        0,
        6,
        0
      ]
    },
    {
      "Target": "Parameter",
      "Id": "Param90",
      "Segments": [
        0,
        0,
        0,
        6,
        0
      ]
    },
    {
      "Target": "Parameter",
      "Id": "Param41",
      "Segments": [
        0,
        0,
        0,
        6,
        0
      ]
    },
    {
      "Target": "Parameter",
      "Id": "Param31",
      "Segments": [
        0,
        0,
        0,
        6,
        0
      ]
    },
    {
      "Target": "Parameter",
      "Id": "Param192",
      "Segments": [
        0,
        0,
        0,
        6,
        0
      ]
    },
    {
      "Target": "Parameter",
      "Id": "Param89",
      "Segments": [
        0,
        0,
        0,
        6,
        0
      ]
    },
    {
      "Target": "Parameter",
      "Id": "Param36",
      "Segments": [
        0,
        0,
        0,
        6,
        0
      ]
    },
    {
      "Target": "Parameter",
      "Id": "tuanziamn",
      "Segments": [
        0,
        0,
        0,
        6,
        0
      ]
    },
    {
      "Target": "Parameter",
      "Id": "Param158",
      "Segments": [
        0,
        0,
        0,
        6,
        0
      ]
    },
    {
      "Target": "Parameter",
      "Id": "Param156",
      "Segments": [
        0,
        0,
        0,
        6,
        0
      ]
    },
    {
      "Target": "Parameter",
      "Id": "Param193",
      "Segments": [
        0,
        0,
        0,
        6,
        0
      ]
    },
    {
      "Target": "Parameter",
      "Id": "Param39",
      "Segments": [
        0,
        0,
        0,
        6,
        0
      ]
    },
    {
      "Target": "Parameter",
      "Id": "Param40",
      "Segments": [
        0,
        0,
        0,
        6,
        0
      ]
    },
    {
      "Target": "Parameter",
      "Id": "Param78",
      "Segments": [
        0,
        0,
        0,
        6,
        0
      ]
    },
    {
      "Target": "Parameter",
      "Id": "Param79",
      "Segments": [
        0,
        0,
        0,
        6,
        0
      ]
    },
    {
      "Target": "Parameter",
      "Id": "Param223",
      "Segments": [
        0,
        0,
        0,
        6,
        0
      ]
    },
    {
      "Target": "Parameter",
      "Id": "Param224",
      "Segments": [
        0,
        0,
        0,
        6,
        0
      ]
    },
    {
      "Target": "Parameter",
      "Id": "shuihuyan",
      "Segments": [
        0,
        0,
        0,
        6,
        0
      ]
    },
    {
      "Target": "Parameter",
      "Id": "Param81",
      "Segments": [
        0,
        0,
        0,
        6,
        0
      ]
    },
    {
      "Target": "Parameter",
      "Id": "Param82",
      "Segments": [
        0,
        0,
        0,
        6,
        0
      ]
    },
    {
      "Target": "Parameter",
      "Id": "Param258",
      "Segments": [
        0,
        0,
        0,
        6,
        0
      ]
    },
    {
      "Target": "Parameter",
      "Id": "Param260",
      "Segments": [
        0,
        0,
        0,
        6,
        0
      ]
    },
    {
      "Target": "Parameter",
      "Id": "Param259",
      "Segments": [
        0,
        0,
        0,
        6,
        0
      ]
    },
    {
      "Target": "Parameter",
      "Id": "Param85",
      "Segments": [
        0,
        0,
        0,
        6,
        0
      ]
    },
    {
      "Target": "Parameter",
      "Id": "Param86",
      "Segments": [
        0,
        0,
        0,
        6,
        0
      ]
    },
    {
      "Target": "Parameter",
      "Id": "Param87",
      "Segments": [
        0,
        0,
        0,
        6,
        0
      ]
    },
    {
      "Target": "Parameter",
      "Id": "Param91",
      "Segments": [
        0,
        0,
        0,
        6,
        0
      ]
    },
    {
      "Target": "Parameter",
      "Id": "Param92",
      "Segments": [
        0,
        0,
        0,
        6,
        0
      ]
    },
    {
      "Target": "Parameter",
      "Id": "Param49",
      "Segments": [
        0,
        0,
        0,
        6,
        0
      ]
    },
    {
      "Target": "Parameter",
      "Id": "Param50",
      "Segments": [
        0,
        0,
        0,
        6,
        0
      ]
    },
    {
      "Target": "Parameter",
      "Id": "Param48",
      "Segments": [
        0,
        0,
        0,
        6,
        0
      ]
    },
    {
      "Target": "Parameter",
      "Id": "Param57",
      "Segments": [
        0,
        0,
        0,
        6,
        0
      ]
    },
    {
      "Target": "Parameter",
      "Id": "Param59",
      "Segments": [
        0,
        0,
        0,
        6,
        0
      ]
    },
    {
      "Target": "Parameter",
      "Id": "Param62",
      "Segments": [
        0,
        0,
        0,
        6,
        0
      ]
    },
    {
      "Target": "Parameter",
      "Id": "Param65",
      "Segments": [
        0,
        0,
        0,
        6,
        0
      ]
    },
    {
      "Target": "Parameter",
      "Id": "Param68",
      "Segments": [
        0,
        0,
        0,
        6,
        0
      ]
    },
    {
      "Target": "Parameter",
      "Id": "Param73",
      "Segments": [
        0,
        0,
        0,
        6,
        0
      ]
    },
    {
      "Target": "Parameter",
      "Id": "Param75",
      "Segments": [
        0,
        0,
        0,
        6,
        0
      ]
    },
    {
      "Target": "Parameter",
      "Id": "Param232",
      "Segments": [
        0,
        0,
        0,
        6,
        0
      ]
    },
    {
      "Target": "Parameter",
      "Id": "Param255",
      "Segments": [
        0,
        0,
        0,
        6,
        0
      ]
    },
    {
      "Target": "Parameter",
      "Id": "Param42",
      "Segments": [
        0,
        0,
        0,
        6,
        0
      ]
    },
    {
      "Target": "Parameter",
      "Id": "Param43",
      "Segments": [
        0,
        0,
        0,
        6,
        0
      ]
    },
    {
      "Target": "Parameter",
      "Id": "Param55",
      "Segments": [
        0,
        0,
        0,
        6,
        0
      ]
    },
    {
      "Target": "Parameter",
      "Id": "Param235",
      "Segments": [
        0,
        0,
        0,
        6,
        0
      ]
    },
    {
      "Target": "Parameter",
      "Id": "Param256",
      "Segments": [
        0,
        0,
        0,
        6,
        0
      ]
    },
    {
      "Target": "Parameter",
      "Id": "Param257",
      "Segments": [
        0,
        0,
        0,
        6,
        0
      ]
    },
    {
      "Target": "Parameter",
      "Id": "Param44",
      "Segments": [
        0,
        0,
        0,
        6,
        0
      ]
    },
    {
      "Target": "Parameter",
      "Id": "Param45",
      "Segments": [
        0,
        0,
        0,
        6,
        0
      ]
    },
    {
      "Target": "Parameter",
      "Id": "Param46",
      "Segments": [
        0,
        30,
        0,
        6,
        30
      ]
    },
    {
      "Target": "Parameter",
      "Id": "Param225",
      "Segments": [
        0,
        0,
        0,
        6,
        0
      ]
    },
    {
      "Target": "Parameter",
      "Id": "Param56",
      "Segments": [
        0,
        0,
        0,
        6,
        0
      ]
    },
    {
      "Target": "Parameter",
      "Id": "Param58",
      "Segments": [
        0,
        0,
        0,
        6,
        0
      ]
    },
    {
      "Target": "Parameter",
      "Id": "Param60",
      "Segments": [
        0,
        0,
        0,
        6,
        0
      ]
    },
    {
      "Target": "Parameter",
      "Id": "Param64",
      "Segments": [
        0,
        0,
        0,
        6,
        0
      ]
    },
    {
      "Target": "Parameter",
      "Id": "Param61",
      "Segments": [
        0,
        0,
        0,
        6,
        0
      ]
    },
    {
      "Target": "Parameter",
      "Id": "Param63",
      "Segments": [
        0,
        0,
        0,
        6,
        0
      ]
    },
    {
      "Target": "Parameter",
      "Id": "Param247",
      "Segments": [
        0,
        0,
        0,
        6,
        0
      ]
    },
    {
      "Target": "Parameter",
      "Id": "Param244",
      "Segments": [
        0,
        0,
        0,
        6,
        0
      ]
    },
    {
      "Target": "Parameter",
      "Id": "Param66",
      "Segments": [
        0,
        0,
        0,
        6,
        0
      ]
    },
    {
      "Target": "Parameter",
      "Id": "Param67",
      "Segments": [
        0,
        0,
        0,
        6,
        0
      ]
    },
    {
      "Target": "Parameter",
      "Id": "Param69",
      "Segments": [
        0,
        0,
        0,
        6,
        0
      ]
    },
    {
      "Target": "Parameter",
      "Id": "Param70",
      "Segments": [
        0,
        0,
        0,
        6,
        0
      ]
    },
    {
      "Target": "Parameter",
      "Id": "Param71",
      "Segments": [
        0,
        0,
        0,
        6,
        0
      ]
    },
    {
      "Target": "Parameter",
      "Id": "Param72",
      "Segments": [
        0,
        0,
        0,
        6,
        0
      ]
    },
    {
      "Target": "Parameter",
      "Id": "Param74",
      "Segments": [
        0,
        0,
        0,
        6,
        0
      ]
    },
    {
      "Target": "Parameter",
      "Id": "Param233",
      "Segments": [
        0,
        0,
        0,
        6,
        0
      ]
    },
    {
      "Target": "Parameter",
      "Id": "Param234",
      "Segments": [
        0,
        0,
        0,
        6,
        0
      ]
    },
    {
      "Target": "Parameter",
      "Id": "Param251",
      "Segments": [
        0,
        0,
        0,
        6,
        0
      ]
    },
    {
      "Target": "Parameter",
      "Id": "Param252",
      "Segments": [
        0,
        0,
        0,
        6,
        0
      ]
    },
    {
      "Target": "Parameter",
      "Id": "Param253",
      "Segments": [
        0,
        0,
        0,
        6,
        0
      ]
    },
    {
      "Target": "Parameter",
      "Id": "Param254",
      "Segments": [
        0,
        0,
        0,
        6,
        0
      ]
    },
    {
      "Target": "Parameter",
      "Id": "Param93",
      "Segments": [
        0,
        0,
        0,
        6,
        0
      ]
    },
    {
      "Target": "Parameter",
      "Id": "Param94",
      "Segments": [
        0,
        0,
        0,
        6,
        0
      ]
    },
    {
      "Target": "Parameter",
      "Id": "Param_Angle_Rotation190",
      "Segments": [
        0,
        0,
        0,
        6,
        0
      ]
    },
    {
      "Target": "Parameter",
      "Id": "Param_Angle_Rotation194",
      "Segments": [
        0,
        0,
        0,
        6,
        0
      ]
    },
    {
      "Target": "Parameter",
      "Id": "Param124",
      "Segments": [
        0,
        0,
        0,
        6,
        0
      ]
    },
    {
      "Target": "Parameter",
      "Id": "Param122",
      "Segments": [
        0,
        0,
        0,
        6,
        0
      ]
    },
    {
      "Target": "Parameter",
      "Id": "Param125",
      "Segments": [
        0,
        0,
        0,
        6,
        0
      ]
    },
    {
      "Target": "Parameter",
      "Id": "Param127",
      "Segments": [
        0,
        0,
        0,
        6,
        0
      ]
    },
    {
      "Target": "Parameter",
      "Id": "Param222",
      "Segments": [
        0,
        0,
        0,
        6,
        0
      ]
    },
    {
      "Target": "Parameter",
      "Id": "Param136",
      "Segments": [
        0,
        0,
        0,
        6,
        0
      ]
    },
    {
      "Target": "Parameter",
      "Id": "Param239",
      "Segments": [
        0,
        0,
        0,
        6,
        0
      ]
    },
    {
      "Target": "Parameter",
      "Id": "Param236",
      "Segments": [
        0,
        0,
        0,
        6,
        0
      ]
    },
    {
      "Target": "Parameter",
      "Id": "Param237",
      "Segments": [
        0,
        0,
        0,
        6,
        0
      ]
    },
    {
      "Target": "Parameter",
      "Id": "Param238",
      "Segments": [
        0,
        0,
        0,
        6,
        0
      ]
    },
    {
      "Target": "Parameter",
      "Id": "Param141",
      "Segments": [
        0,
        0,
        0,
        6,
        0
      ]
    },
    {
      "Target": "Parameter",
      "Id": "Param144",
      "Segments": [
        0,
        0,
        0,
        6,
        0
      ]
    },
    {
      "Target": "Parameter",
      "Id": "Param130",
      "Segments": [
        0,
        0,
        0,
        6,
        0
      ]
    },
    {
      "Target": "Parameter",
      "Id": "Param131",
      "Segments": [
        0,
        0,
        0,
        6,
        0
      ]
    },
    {
      "Target": "Parameter",
      "Id": "Param128",
      "Segments": [
        0,
        0,
        0,
        6,
        0
      ]
    },
    {
      "Target": "Parameter",
      "Id": "Param129",
      "Segments": [
        0,
        0,
        0,
        6,
        0
      ]
    },
    {
      "Target": "Parameter",
      "Id": "Param118",
      "Segments": [
        0,
        0,
        0,
        6,
        0
      ]
    },
    {
      "Target": "Parameter",
      "Id": "Param140",
      "Segments": [
        0,
        0,
        0,
        6,
        0
      ]
    },
    {
      "Target": "Parameter",
      "Id": "Param138",
      "Segments": [
        0,
        0,
        0,
        6,
        0
      ]
    }
  ],
  "UserData": [
    {
      "Time": 0.0,
      "Value": ""
    }
  ]
}