{
  "Version": 3,
  "Meta": {
    "PhysicsSettingCount": 18,
    "TotalInputCount": 46,
    "TotalOutputCount": 64,
    "VertexCount": 84,
    "EffectiveForces": {
      "Gravity": {
        "X": 0,
        "Y": -1
      },
      "Wind": {
        "X": 0,
        "Y": 0
      }
    },
    "PhysicsDictionary": [
      {
        "Id": "PhysicsSetting1",
        "Name": "Dummy1"
      },
      {
        "Id": "PhysicsSetting2",
        "Name": "Dummy2"
      },
      {
        "Id": "PhysicsSetting3",
        "Name": "Dummy3"
      },
      {
        "Id": "PhysicsSetting4",
        "Name": "Dummy4"
      },
      {
        "Id": "PhysicsSetting5",
        "Name": "Dummy5"
      },
      {
        "Id": "PhysicsSetting6",
        "Name": "Dummy6"
      },
      {
        "Id": "PhysicsSetting7",
        "Name": "Dummy7"
      },
      {
        "Id": "PhysicsSetting8",
        "Name": "Dummy8"
      },
      {
        "Id": "PhysicsSetting9",
        "Name": "Dummy9"
      },
      {
        "Id": "PhysicsSetting10",
        "Name": "Dummy10"
      },
      {
        "Id": "PhysicsSetting11",
        "Name": "Dummy11"
      },
      {
        "Id": "PhysicsSetting12",
        "Name": "Dummy12"
      },
      {
        "Id": "PhysicsSetting13",
        "Name": "Dummy13"
      },
      {
        "Id": "PhysicsSetting14",
        "Name": "Dummy14"
      },
      {
        "Id": "PhysicsSetting15",
        "Name": "Dummy15"
      },
      {
        "Id": "PhysicsSetting16",
        "Name": "Dummy16"
      },
      {
        "Id": "PhysicsSetting17",
        "Name": "Dummy17"
      },
      {
        "Id": "PhysicsSetting18",
        "Name": "Dummy18"
      }
    ]
  },
  "PhysicsSettings": [
    {
      "Id": "PhysicsSetting1",
      "Input": [
        {
          "Source": {
            "Target": "Parameter",
            "Id": "ParamAngleX"
          },
          "Weight": 25,
          "Type": "X",
          "Reflect": false
        },
        {
          "Source": {
            "Target": "Parameter",
            "Id": "ParamAngleY"
          },
          "Weight": 25,
          "Type": "X",
          "Reflect": false
        },
        {
          "Source": {
            "Target": "Parameter",
            "Id": "Param263"
          },
          "Weight": 50,
          "Type": "X",
          "Reflect": false
        }
      ],
      "Output": [
        {
          "Destination": {
            "Target": "Parameter",
            "Id": "Param107"
          },
          "VertexIndex": 1,
          "Scale": 50,
          "Weight": 30,
          "Type": "Angle",
          "Reflect": false
        },
        {
          "Destination": {
            "Target": "Parameter",
            "Id": "Param108"
          },
          "VertexIndex": 2,
          "Scale": 50,
          "Weight": 30,
          "Type": "Angle",
          "Reflect": false
        },
        {
          "Destination": {
            "Target": "Parameter",
            "Id": "Param109"
          },
          "VertexIndex": 3,
          "Scale": 50,
          "Weight": 30,
          "Type": "Angle",
          "Reflect": false
        },
        {
          "Destination": {
            "Target": "Parameter",
            "Id": "Param110"
          },
          "VertexIndex": 1,
          "Scale": 50,
          "Weight": 30,
          "Type": "Angle",
          "Reflect": false
        },
        {
          "Destination": {
            "Target": "Parameter",
            "Id": "Param111"
          },
          "VertexIndex": 2,
          "Scale": 50,
          "Weight": 30,
          "Type": "Angle",
          "Reflect": false
        },
        {
          "Destination": {
            "Target": "Parameter",
            "Id": "Param112"
          },
          "VertexIndex": 3,
          "Scale": 50,
          "Weight": 30,
          "Type": "Angle",
          "Reflect": false
        }
      ],
      "Vertices": [
        {
          "Position": {
            "X": 0,
            "Y": 0
          },
          "Mobility": 1,
          "Delay": 1,
          "Acceleration": 1,
          "Radius": 0
        },
        {
          "Position": {
            "X": 0,
            "Y": 8.6
          },
          "Mobility": 0.85,
          "Delay": 0.9,
          "Acceleration": 1,
          "Radius": 8.6
        },
        {
          "Position": {
            "X": 0,
            "Y": 17.3
          },
          "Mobility": 0.9,
          "Delay": 0.9,
          "Acceleration": 1,
          "Radius": 8.7
        },
        {
          "Position": {
            "X": 0,
            "Y": 25.3
          },
          "Mobility": 0.9,
          "Delay": 0.9,
          "Acceleration": 0.8,
          "Radius": 8
        },
        {
          "Position": {
            "X": 0,
            "Y": 33.3
          },
          "Mobility": 0.87,
          "Delay": 0.9,
          "Acceleration": 0.8,
          "Radius": 8
        }
      ],
      "Normalization": {
        "Position": {
          "Minimum": -15,
          "Default": 0,
          "Maximum": 15
        },
        "Angle": {
          "Minimum": -10,
          "Default": 0,
          "Maximum": 10
        }
      }
    },
    {
      "Id": "PhysicsSetting2",
      "Input": [
        {
          "Source": {
            "Target": "Parameter",
            "Id": "ParamAngleX"
          },
          "Weight": 25,
          "Type": "X",
          "Reflect": true
        },
        {
          "Source": {
            "Target": "Parameter",
            "Id": "ParamAngleY"
          },
          "Weight": 25,
          "Type": "X",
          "Reflect": true
        },
        {
          "Source": {
            "Target": "Parameter",
            "Id": "Param263"
          },
          "Weight": 45,
          "Type": "X",
          "Reflect": false
        }
      ],
      "Output": [
        {
          "Destination": {
            "Target": "Parameter",
            "Id": "Param113"
          },
          "VertexIndex": 1,
          "Scale": 50,
          "Weight": 30,
          "Type": "Angle",
          "Reflect": false
        },
        {
          "Destination": {
            "Target": "Parameter",
            "Id": "Param114"
          },
          "VertexIndex": 2,
          "Scale": 50,
          "Weight": 30,
          "Type": "Angle",
          "Reflect": false
        },
        {
          "Destination": {
            "Target": "Parameter",
            "Id": "Param115"
          },
          "VertexIndex": 3,
          "Scale": 50,
          "Weight": 30,
          "Type": "Angle",
          "Reflect": false
        }
      ],
      "Vertices": [
        {
          "Position": {
            "X": 0,
            "Y": 0
          },
          "Mobility": 1,
          "Delay": 1,
          "Acceleration": 1,
          "Radius": 0
        },
        {
          "Position": {
            "X": 0,
            "Y": 10
          },
          "Mobility": 0.85,
          "Delay": 0.83,
          "Acceleration": 1,
          "Radius": 10
        },
        {
          "Position": {
            "X": 0,
            "Y": 20
          },
          "Mobility": 0.86,
          "Delay": 0.87,
          "Acceleration": 1,
          "Radius": 10
        },
        {
          "Position": {
            "X": 0,
            "Y": 28
          },
          "Mobility": 0.85,
          "Delay": 0.86,
          "Acceleration": 0.8,
          "Radius": 8
        }
      ],
      "Normalization": {
        "Position": {
          "Minimum": -20,
          "Default": 0,
          "Maximum": 20
        },
        "Angle": {
          "Minimum": -10,
          "Default": 0,
          "Maximum": 10
        }
      }
    },
    {
      "Id": "PhysicsSetting3",
      "Input": [
        {
          "Source": {
            "Target": "Parameter",
            "Id": "ParamEyeROpen"
          },
          "Weight": 100,
          "Type": "X",
          "Reflect": false
        }
      ],
      "Output": [
        {
          "Destination": {
            "Target": "Parameter",
            "Id": "Param187"
          },
          "VertexIndex": 1,
          "Scale": 30,
          "Weight": 100,
          "Type": "Angle",
          "Reflect": false
        }
      ],
      "Vertices": [
        {
          "Position": {
            "X": 0,
            "Y": 0
          },
          "Mobility": 1,
          "Delay": 1,
          "Acceleration": 1,
          "Radius": 0
        },
        {
          "Position": {
            "X": 0,
            "Y": 15.1
          },
          "Mobility": 0.88,
          "Delay": 1.2,
          "Acceleration": 0.8,
          "Radius": 15.1
        }
      ],
      "Normalization": {
        "Position": {
          "Minimum": -10,
          "Default": 0,
          "Maximum": 10
        },
        "Angle": {
          "Minimum": -10,
          "Default": 0,
          "Maximum": 10
        }
      }
    },
    {
      "Id": "PhysicsSetting4",
      "Input": [
        {
          "Source": {
            "Target": "Parameter",
            "Id": "ParamEyeROpen"
          },
          "Weight": 100,
          "Type": "Angle",
          "Reflect": false
        }
      ],
      "Output": [
        {
          "Destination": {
            "Target": "Parameter",
            "Id": "Param188"
          },
          "VertexIndex": 1,
          "Scale": 30,
          "Weight": 100,
          "Type": "Angle",
          "Reflect": false
        }
      ],
      "Vertices": [
        {
          "Position": {
            "X": 0,
            "Y": 0
          },
          "Mobility": 1,
          "Delay": 1,
          "Acceleration": 1,
          "Radius": 0
        },
        {
          "Position": {
            "X": 0,
            "Y": 15.2
          },
          "Mobility": 0.9,
          "Delay": 0.6,
          "Acceleration": 1.5,
          "Radius": 15.2
        }
      ],
      "Normalization": {
        "Position": {
          "Minimum": -10,
          "Default": 0,
          "Maximum": 10
        },
        "Angle": {
          "Minimum": -28.9,
          "Default": 0,
          "Maximum": 0
        }
      }
    },
    {
      "Id": "PhysicsSetting5",
      "Input": [
        {
          "Source": {
            "Target": "Parameter",
            "Id": "ParamEyeLOpen"
          },
          "Weight": 100,
          "Type": "X",
          "Reflect": false
        }
      ],
      "Output": [
        {
          "Destination": {
            "Target": "Parameter",
            "Id": "Param189"
          },
          "VertexIndex": 1,
          "Scale": 30,
          "Weight": 100,
          "Type": "Angle",
          "Reflect": false
        }
      ],
      "Vertices": [
        {
          "Position": {
            "X": 0,
            "Y": 0
          },
          "Mobility": 1,
          "Delay": 1,
          "Acceleration": 1,
          "Radius": 0
        },
        {
          "Position": {
            "X": 0,
            "Y": 15.1
          },
          "Mobility": 0.88,
          "Delay": 1.2,
          "Acceleration": 0.8,
          "Radius": 15.1
        }
      ],
      "Normalization": {
        "Position": {
          "Minimum": -10,
          "Default": 0,
          "Maximum": 10
        },
        "Angle": {
          "Minimum": -10,
          "Default": 0,
          "Maximum": 10
        }
      }
    },
    {
      "Id": "PhysicsSetting6",
      "Input": [
        {
          "Source": {
            "Target": "Parameter",
            "Id": "ParamEyeLOpen"
          },
          "Weight": 100,
          "Type": "Angle",
          "Reflect": false
        }
      ],
      "Output": [
        {
          "Destination": {
            "Target": "Parameter",
            "Id": "Param190"
          },
          "VertexIndex": 1,
          "Scale": 30,
          "Weight": 100,
          "Type": "Angle",
          "Reflect": false
        }
      ],
      "Vertices": [
        {
          "Position": {
            "X": 0,
            "Y": 0
          },
          "Mobility": 1,
          "Delay": 1,
          "Acceleration": 1,
          "Radius": 0
        },
        {
          "Position": {
            "X": 0,
            "Y": 15.2
          },
          "Mobility": 0.9,
          "Delay": 0.6,
          "Acceleration": 1.5,
          "Radius": 15.2
        }
      ],
      "Normalization": {
        "Position": {
          "Minimum": -10,
          "Default": 0,
          "Maximum": 10
        },
        "Angle": {
          "Minimum": -28.9,
          "Default": 0,
          "Maximum": 0
        }
      }
    },
    {
      "Id": "PhysicsSetting7",
      "Input": [
        {
          "Source": {
            "Target": "Parameter",
            "Id": "ParamAngleX"
          },
          "Weight": 25,
          "Type": "X",
          "Reflect": false
        },
        {
          "Source": {
            "Target": "Parameter",
            "Id": "ParamAngleY"
          },
          "Weight": 25,
          "Type": "X",
          "Reflect": false
        },
        {
          "Source": {
            "Target": "Parameter",
            "Id": "Param262"
          },
          "Weight": 50,
          "Type": "X",
          "Reflect": false
        }
      ],
      "Output": [
        {
          "Destination": {
            "Target": "Parameter",
            "Id": "Param93"
          },
          "VertexIndex": 1,
          "Scale": 70,
          "Weight": 50,
          "Type": "Angle",
          "Reflect": false
        },
        {
          "Destination": {
            "Target": "Parameter",
            "Id": "Param94"
          },
          "VertexIndex": 2,
          "Scale": 70,
          "Weight": 50,
          "Type": "Angle",
          "Reflect": false
        }
      ],
      "Vertices": [
        {
          "Position": {
            "X": 0,
            "Y": 0
          },
          "Mobility": 1,
          "Delay": 1,
          "Acceleration": 1,
          "Radius": 0
        },
        {
          "Position": {
            "X": 0,
            "Y": 10.3
          },
          "Mobility": 0.9,
          "Delay": 0.8,
          "Acceleration": 1,
          "Radius": 10.3
        },
        {
          "Position": {
            "X": 0,
            "Y": 18.5
          },
          "Mobility": 0.9,
          "Delay": 0.8,
          "Acceleration": 1,
          "Radius": 8.2
        }
      ],
      "Normalization": {
        "Position": {
          "Minimum": -20,
          "Default": 0,
          "Maximum": 20
        },
        "Angle": {
          "Minimum": -10,
          "Default": 0,
          "Maximum": 10
        }
      }
    },
    {
      "Id": "PhysicsSetting8",
      "Input": [
        {
          "Source": {
            "Target": "Parameter",
            "Id": "ParamAngleX"
          },
          "Weight": 25,
          "Type": "X",
          "Reflect": false
        },
        {
          "Source": {
            "Target": "Parameter",
            "Id": "ParamAngleY"
          },
          "Weight": 25,
          "Type": "X",
          "Reflect": false
        },
        {
          "Source": {
            "Target": "Parameter",
            "Id": "Param262"
          },
          "Weight": 50,
          "Type": "X",
          "Reflect": false
        }
      ],
      "Output": [
        {
          "Destination": {
            "Target": "Parameter",
            "Id": "Param95"
          },
          "VertexIndex": 1,
          "Scale": 60,
          "Weight": 50,
          "Type": "Angle",
          "Reflect": false
        },
        {
          "Destination": {
            "Target": "Parameter",
            "Id": "Param96"
          },
          "VertexIndex": 2,
          "Scale": 60,
          "Weight": 50,
          "Type": "Angle",
          "Reflect": false
        }
      ],
      "Vertices": [
        {
          "Position": {
            "X": 0,
            "Y": 0
          },
          "Mobility": 0.9,
          "Delay": 0.8,
          "Acceleration": 1,
          "Radius": 5
        },
        {
          "Position": {
            "X": 0,
            "Y": 15
          },
          "Mobility": 0.98,
          "Delay": 0.8,
          "Acceleration": 1.5,
          "Radius": 15
        },
        {
          "Position": {
            "X": 0,
            "Y": 20
          },
          "Mobility": 0.9,
          "Delay": 0.8,
          "Acceleration": 1,
          "Radius": 5
        },
        {
          "Position": {
            "X": 0,
            "Y": 25
          },
          "Mobility": 0.9,
          "Delay": 0.8,
          "Acceleration": 1,
          "Radius": 5
        },
        {
          "Position": {
            "X": 0,
            "Y": 30
          },
          "Mobility": 0.9,
          "Delay": 0.8,
          "Acceleration": 1,
          "Radius": 5
        },
        {
          "Position": {
            "X": 0,
            "Y": 35
          },
          "Mobility": 0.9,
          "Delay": 0.8,
          "Acceleration": 1,
          "Radius": 5
        }
      ],
      "Normalization": {
        "Position": {
          "Minimum": -20,
          "Default": 0,
          "Maximum": 20
        },
        "Angle": {
          "Minimum": -10,
          "Default": 0,
          "Maximum": 10
        }
      }
    },
    {
      "Id": "PhysicsSetting9",
      "Input": [
        {
          "Source": {
            "Target": "Parameter",
            "Id": "ParamAngleX"
          },
          "Weight": 25,
          "Type": "X",
          "Reflect": false
        },
        {
          "Source": {
            "Target": "Parameter",
            "Id": "ParamAngleY"
          },
          "Weight": 25,
          "Type": "X",
          "Reflect": true
        },
        {
          "Source": {
            "Target": "Parameter",
            "Id": "Param262"
          },
          "Weight": 50,
          "Type": "X",
          "Reflect": false
        }
      ],
      "Output": [
        {
          "Destination": {
            "Target": "Parameter",
            "Id": "Param97"
          },
          "VertexIndex": 1,
          "Scale": 60,
          "Weight": 50,
          "Type": "Angle",
          "Reflect": false
        },
        {
          "Destination": {
            "Target": "Parameter",
            "Id": "Param98"
          },
          "VertexIndex": 2,
          "Scale": 60,
          "Weight": 50,
          "Type": "Angle",
          "Reflect": false
        }
      ],
      "Vertices": [
        {
          "Position": {
            "X": 0,
            "Y": 0
          },
          "Mobility": 1,
          "Delay": 1,
          "Acceleration": 1,
          "Radius": 0
        },
        {
          "Position": {
            "X": 0,
            "Y": 10
          },
          "Mobility": 0.9,
          "Delay": 0.84,
          "Acceleration": 1.46,
          "Radius": 10
        },
        {
          "Position": {
            "X": 0,
            "Y": 18
          },
          "Mobility": 0.94,
          "Delay": 0.8,
          "Acceleration": 1.47,
          "Radius": 8
        }
      ],
      "Normalization": {
        "Position": {
          "Minimum": -20,
          "Default": 0,
          "Maximum": 20
        },
        "Angle": {
          "Minimum": -10,
          "Default": 0,
          "Maximum": 10
        }
      }
    },
    {
      "Id": "PhysicsSetting10",
      "Input": [
        {
          "Source": {
            "Target": "Parameter",
            "Id": "ParamAngleX"
          },
          "Weight": 25,
          "Type": "X",
          "Reflect": false
        },
        {
          "Source": {
            "Target": "Parameter",
            "Id": "ParamAngleY"
          },
          "Weight": 25,
          "Type": "X",
          "Reflect": false
        },
        {
          "Source": {
            "Target": "Parameter",
            "Id": "Param262"
          },
          "Weight": 50,
          "Type": "X",
          "Reflect": false
        }
      ],
      "Output": [
        {
          "Destination": {
            "Target": "Parameter",
            "Id": "Param99"
          },
          "VertexIndex": 1,
          "Scale": 60,
          "Weight": 50,
          "Type": "Angle",
          "Reflect": false
        },
        {
          "Destination": {
            "Target": "Parameter",
            "Id": "Param100"
          },
          "VertexIndex": 2,
          "Scale": 60,
          "Weight": 50,
          "Type": "Angle",
          "Reflect": false
        }
      ],
      "Vertices": [
        {
          "Position": {
            "X": 0,
            "Y": 0
          },
          "Mobility": 0.9,
          "Delay": 0.8,
          "Acceleration": 1,
          "Radius": 5
        },
        {
          "Position": {
            "X": 0,
            "Y": 15
          },
          "Mobility": 0.98,
          "Delay": 0.8,
          "Acceleration": 1.5,
          "Radius": 15
        },
        {
          "Position": {
            "X": 0,
            "Y": 20
          },
          "Mobility": 0.9,
          "Delay": 0.8,
          "Acceleration": 1,
          "Radius": 5
        },
        {
          "Position": {
            "X": 0,
            "Y": 25
          },
          "Mobility": 0.9,
          "Delay": 0.8,
          "Acceleration": 1,
          "Radius": 5
        },
        {
          "Position": {
            "X": 0,
            "Y": 30
          },
          "Mobility": 0.9,
          "Delay": 0.8,
          "Acceleration": 1,
          "Radius": 5
        },
        {
          "Position": {
            "X": 0,
            "Y": 35
          },
          "Mobility": 0.9,
          "Delay": 0.8,
          "Acceleration": 1,
          "Radius": 5
        }
      ],
      "Normalization": {
        "Position": {
          "Minimum": -20,
          "Default": 0,
          "Maximum": 20
        },
        "Angle": {
          "Minimum": -10,
          "Default": 0,
          "Maximum": 10
        }
      }
    },
    {
      "Id": "PhysicsSetting11",
      "Input": [
        {
          "Source": {
            "Target": "Parameter",
            "Id": "ParamAngleX"
          },
          "Weight": 25,
          "Type": "X",
          "Reflect": false
        },
        {
          "Source": {
            "Target": "Parameter",
            "Id": "ParamAngleY"
          },
          "Weight": 25,
          "Type": "X",
          "Reflect": false
        },
        {
          "Source": {
            "Target": "Parameter",
            "Id": "Param262"
          },
          "Weight": 50,
          "Type": "X",
          "Reflect": false
        }
      ],
      "Output": [
        {
          "Destination": {
            "Target": "Parameter",
            "Id": "Param101"
          },
          "VertexIndex": 1,
          "Scale": 70,
          "Weight": 60,
          "Type": "Angle",
          "Reflect": false
        },
        {
          "Destination": {
            "Target": "Parameter",
            "Id": "Param102"
          },
          "VertexIndex": 2,
          "Scale": 70,
          "Weight": 60,
          "Type": "Angle",
          "Reflect": false
        }
      ],
      "Vertices": [
        {
          "Position": {
            "X": 0,
            "Y": 0
          },
          "Mobility": 0.9,
          "Delay": 0.8,
          "Acceleration": 1,
          "Radius": 5
        },
        {
          "Position": {
            "X": 0,
            "Y": 15
          },
          "Mobility": 0.98,
          "Delay": 0.8,
          "Acceleration": 1.5,
          "Radius": 15
        },
        {
          "Position": {
            "X": 0,
            "Y": 20
          },
          "Mobility": 0.9,
          "Delay": 0.8,
          "Acceleration": 1,
          "Radius": 5
        },
        {
          "Position": {
            "X": 0,
            "Y": 25
          },
          "Mobility": 0.9,
          "Delay": 0.8,
          "Acceleration": 1,
          "Radius": 5
        },
        {
          "Position": {
            "X": 0,
            "Y": 30
          },
          "Mobility": 0.9,
          "Delay": 0.8,
          "Acceleration": 1,
          "Radius": 5
        },
        {
          "Position": {
            "X": 0,
            "Y": 35
          },
          "Mobility": 0.9,
          "Delay": 0.8,
          "Acceleration": 1,
          "Radius": 5
        }
      ],
      "Normalization": {
        "Position": {
          "Minimum": -20,
          "Default": 0,
          "Maximum": 20
        },
        "Angle": {
          "Minimum": -10,
          "Default": 0,
          "Maximum": 10
        }
      }
    },
    {
      "Id": "PhysicsSetting12",
      "Input": [
        {
          "Source": {
            "Target": "Parameter",
            "Id": "ParamAngleX"
          },
          "Weight": 25,
          "Type": "X",
          "Reflect": true
        },
        {
          "Source": {
            "Target": "Parameter",
            "Id": "ParamAngleY"
          },
          "Weight": 25,
          "Type": "X",
          "Reflect": true
        },
        {
          "Source": {
            "Target": "Parameter",
            "Id": "Param262"
          },
          "Weight": 50,
          "Type": "X",
          "Reflect": false
        }
      ],
      "Output": [
        {
          "Destination": {
            "Target": "Parameter",
            "Id": "Param_Angle_Rotation181"
          },
          "VertexIndex": 2,
          "Scale": 20,
          "Weight": 50,
          "Type": "Angle",
          "Reflect": false
        },
        {
          "Destination": {
            "Target": "Parameter",
            "Id": "Param_Angle_Rotation182"
          },
          "VertexIndex": 3,
          "Scale": 30,
          "Weight": 50,
          "Type": "Angle",
          "Reflect": false
        },
        {
          "Destination": {
            "Target": "Parameter",
            "Id": "Param_Angle_Rotation183"
          },
          "VertexIndex": 4,
          "Scale": 40,
          "Weight": 50,
          "Type": "Angle",
          "Reflect": false
        },
        {
          "Destination": {
            "Target": "Parameter",
            "Id": "Param_Angle_Rotation184"
          },
          "VertexIndex": 5,
          "Scale": 40,
          "Weight": 50,
          "Type": "Angle",
          "Reflect": false
        },
        {
          "Destination": {
            "Target": "Parameter",
            "Id": "Param_Angle_Rotation186"
          },
          "VertexIndex": 2,
          "Scale": 20,
          "Weight": 50,
          "Type": "Angle",
          "Reflect": false
        },
        {
          "Destination": {
            "Target": "Parameter",
            "Id": "Param_Angle_Rotation187"
          },
          "VertexIndex": 3,
          "Scale": 30,
          "Weight": 50,
          "Type": "Angle",
          "Reflect": false
        },
        {
          "Destination": {
            "Target": "Parameter",
            "Id": "Param_Angle_Rotation188"
          },
          "VertexIndex": 4,
          "Scale": 40,
          "Weight": 50,
          "Type": "Angle",
          "Reflect": false
        },
        {
          "Destination": {
            "Target": "Parameter",
            "Id": "Param_Angle_Rotation189"
          },
          "VertexIndex": 5,
          "Scale": 40,
          "Weight": 50,
          "Type": "Angle",
          "Reflect": false
        },
        {
          "Destination": {
            "Target": "Parameter",
            "Id": "Param_Angle_Rotation191"
          },
          "VertexIndex": 3,
          "Scale": 30,
          "Weight": 50,
          "Type": "Angle",
          "Reflect": false
        },
        {
          "Destination": {
            "Target": "Parameter",
            "Id": "Param_Angle_Rotation192"
          },
          "VertexIndex": 4,
          "Scale": 40,
          "Weight": 50,
          "Type": "Angle",
          "Reflect": false
        },
        {
          "Destination": {
            "Target": "Parameter",
            "Id": "Param_Angle_Rotation193"
          },
          "VertexIndex": 5,
          "Scale": 40,
          "Weight": 50,
          "Type": "Angle",
          "Reflect": false
        },
        {
          "Destination": {
            "Target": "Parameter",
            "Id": "Param_Angle_Rotation195"
          },
          "VertexIndex": 2,
          "Scale": 30,
          "Weight": 50,
          "Type": "Angle",
          "Reflect": false
        },
        {
          "Destination": {
            "Target": "Parameter",
            "Id": "Param_Angle_Rotation196"
          },
          "VertexIndex": 3,
          "Scale": 40,
          "Weight": 50,
          "Type": "Angle",
          "Reflect": false
        },
        {
          "Destination": {
            "Target": "Parameter",
            "Id": "Param_Angle_Rotation197"
          },
          "VertexIndex": 3,
          "Scale": 40,
          "Weight": 50,
          "Type": "Angle",
          "Reflect": false
        }
      ],
      "Vertices": [
        {
          "Position": {
            "X": 0,
            "Y": 0
          },
          "Mobility": 0.9,
          "Delay": 0.8,
          "Acceleration": 1,
          "Radius": 5
        },
        {
          "Position": {
            "X": 0,
            "Y": 15
          },
          "Mobility": 0.98,
          "Delay": 0.8,
          "Acceleration": 1.5,
          "Radius": 15
        },
        {
          "Position": {
            "X": 0,
            "Y": 20
          },
          "Mobility": 0.9,
          "Delay": 0.8,
          "Acceleration": 1,
          "Radius": 5
        },
        {
          "Position": {
            "X": 0,
            "Y": 25
          },
          "Mobility": 0.9,
          "Delay": 0.8,
          "Acceleration": 1,
          "Radius": 5
        },
        {
          "Position": {
            "X": 0,
            "Y": 30
          },
          "Mobility": 0.9,
          "Delay": 0.8,
          "Acceleration": 1,
          "Radius": 5
        },
        {
          "Position": {
            "X": 0,
            "Y": 35
          },
          "Mobility": 0.9,
          "Delay": 0.8,
          "Acceleration": 1,
          "Radius": 5
        },
        {
          "Position": {
            "X": 0,
            "Y": 40
          },
          "Mobility": 0.9,
          "Delay": 0.8,
          "Acceleration": 1,
          "Radius": 5
        }
      ],
      "Normalization": {
        "Position": {
          "Minimum": -10,
          "Default": 0,
          "Maximum": 10
        },
        "Angle": {
          "Minimum": -10,
          "Default": 0,
          "Maximum": 10
        }
      }
    },
    {
      "Id": "PhysicsSetting13",
      "Input": [
        {
          "Source": {
            "Target": "Parameter",
            "Id": "ParamAngleX"
          },
          "Weight": 25,
          "Type": "X",
          "Reflect": false
        },
        {
          "Source": {
            "Target": "Parameter",
            "Id": "ParamAngleY"
          },
          "Weight": 25,
          "Type": "X",
          "Reflect": true
        },
        {
          "Source": {
            "Target": "Parameter",
            "Id": "Param262"
          },
          "Weight": 50,
          "Type": "X",
          "Reflect": false
        }
      ],
      "Output": [
        {
          "Destination": {
            "Target": "Parameter",
            "Id": "Param_Angle_Rotation181"
          },
          "VertexIndex": 1,
          "Scale": 20,
          "Weight": 30,
          "Type": "Angle",
          "Reflect": false
        },
        {
          "Destination": {
            "Target": "Parameter",
            "Id": "Param_Angle_Rotation182"
          },
          "VertexIndex": 2,
          "Scale": 30,
          "Weight": 30,
          "Type": "Angle",
          "Reflect": false
        },
        {
          "Destination": {
            "Target": "Parameter",
            "Id": "Param_Angle_Rotation183"
          },
          "VertexIndex": 3,
          "Scale": 40,
          "Weight": 30,
          "Type": "Angle",
          "Reflect": false
        },
        {
          "Destination": {
            "Target": "Parameter",
            "Id": "Param_Angle_Rotation184"
          },
          "VertexIndex": 4,
          "Scale": 40,
          "Weight": 30,
          "Type": "Angle",
          "Reflect": false
        },
        {
          "Destination": {
            "Target": "Parameter",
            "Id": "Param_Angle_Rotation186"
          },
          "VertexIndex": 1,
          "Scale": 20,
          "Weight": 30,
          "Type": "Angle",
          "Reflect": false
        },
        {
          "Destination": {
            "Target": "Parameter",
            "Id": "Param_Angle_Rotation187"
          },
          "VertexIndex": 2,
          "Scale": 30,
          "Weight": 30,
          "Type": "Angle",
          "Reflect": false
        },
        {
          "Destination": {
            "Target": "Parameter",
            "Id": "Param_Angle_Rotation188"
          },
          "VertexIndex": 3,
          "Scale": 40,
          "Weight": 30,
          "Type": "Angle",
          "Reflect": false
        },
        {
          "Destination": {
            "Target": "Parameter",
            "Id": "Param_Angle_Rotation189"
          },
          "VertexIndex": 4,
          "Scale": 40,
          "Weight": 30,
          "Type": "Angle",
          "Reflect": false
        },
        {
          "Destination": {
            "Target": "Parameter",
            "Id": "Param_Angle_Rotation191"
          },
          "VertexIndex": 1,
          "Scale": 30,
          "Weight": 30,
          "Type": "Angle",
          "Reflect": false
        },
        {
          "Destination": {
            "Target": "Parameter",
            "Id": "Param_Angle_Rotation192"
          },
          "VertexIndex": 2,
          "Scale": 40,
          "Weight": 30,
          "Type": "Angle",
          "Reflect": false
        },
        {
          "Destination": {
            "Target": "Parameter",
            "Id": "Param_Angle_Rotation193"
          },
          "VertexIndex": 3,
          "Scale": 40,
          "Weight": 30,
          "Type": "Angle",
          "Reflect": false
        },
        {
          "Destination": {
            "Target": "Parameter",
            "Id": "Param_Angle_Rotation195"
          },
          "VertexIndex": 1,
          "Scale": 30,
          "Weight": 30,
          "Type": "Angle",
          "Reflect": false
        },
        {
          "Destination": {
            "Target": "Parameter",
            "Id": "Param_Angle_Rotation196"
          },
          "VertexIndex": 2,
          "Scale": 40,
          "Weight": 30,
          "Type": "Angle",
          "Reflect": false
        },
        {
          "Destination": {
            "Target": "Parameter",
            "Id": "Param_Angle_Rotation197"
          },
          "VertexIndex": 3,
          "Scale": 40,
          "Weight": 30,
          "Type": "Angle",
          "Reflect": false
        }
      ],
      "Vertices": [
        {
          "Position": {
            "X": 0,
            "Y": 0
          },
          "Mobility": 0.9,
          "Delay": 0.8,
          "Acceleration": 1,
          "Radius": 5
        },
        {
          "Position": {
            "X": 0,
            "Y": 15
          },
          "Mobility": 0.98,
          "Delay": 0.8,
          "Acceleration": 1.5,
          "Radius": 15
        },
        {
          "Position": {
            "X": 0,
            "Y": 20
          },
          "Mobility": 0.9,
          "Delay": 0.8,
          "Acceleration": 1,
          "Radius": 5
        },
        {
          "Position": {
            "X": 0,
            "Y": 25
          },
          "Mobility": 0.9,
          "Delay": 0.8,
          "Acceleration": 1,
          "Radius": 5
        },
        {
          "Position": {
            "X": 0,
            "Y": 30
          },
          "Mobility": 0.9,
          "Delay": 0.8,
          "Acceleration": 1,
          "Radius": 5
        },
        {
          "Position": {
            "X": 0,
            "Y": 35
          },
          "Mobility": 0.9,
          "Delay": 0.8,
          "Acceleration": 1,
          "Radius": 5
        },
        {
          "Position": {
            "X": 0,
            "Y": 40
          },
          "Mobility": 0.9,
          "Delay": 0.8,
          "Acceleration": 1,
          "Radius": 5
        },
        {
          "Position": {
            "X": 0,
            "Y": 45
          },
          "Mobility": 0.9,
          "Delay": 0.8,
          "Acceleration": 1,
          "Radius": 5
        }
      ],
      "Normalization": {
        "Position": {
          "Minimum": -20,
          "Default": 0,
          "Maximum": 20.3
        },
        "Angle": {
          "Minimum": -10,
          "Default": 0,
          "Maximum": 10
        }
      }
    },
    {
      "Id": "PhysicsSetting14",
      "Input": [
        {
          "Source": {
            "Target": "Parameter",
            "Id": "ParamAngleX"
          },
          "Weight": 25,
          "Type": "X",
          "Reflect": false
        },
        {
          "Source": {
            "Target": "Parameter",
            "Id": "ParamAngleY"
          },
          "Weight": 25,
          "Type": "X",
          "Reflect": false
        },
        {
          "Source": {
            "Target": "Parameter",
            "Id": "Param263"
          },
          "Weight": 50,
          "Type": "X",
          "Reflect": false
        }
      ],
      "Output": [
        {
          "Destination": {
            "Target": "Parameter",
            "Id": "Param213"
          },
          "VertexIndex": 1,
          "Scale": 60,
          "Weight": 70,
          "Type": "Angle",
          "Reflect": false
        },
        {
          "Destination": {
            "Target": "Parameter",
            "Id": "Param214"
          },
          "VertexIndex": 2,
          "Scale": 60,
          "Weight": 70,
          "Type": "Angle",
          "Reflect": false
        },
        {
          "Destination": {
            "Target": "Parameter",
            "Id": "Param215"
          },
          "VertexIndex": 1,
          "Scale": 60,
          "Weight": 70,
          "Type": "Angle",
          "Reflect": false
        },
        {
          "Destination": {
            "Target": "Parameter",
            "Id": "Param216"
          },
          "VertexIndex": 2,
          "Scale": 60,
          "Weight": 70,
          "Type": "Angle",
          "Reflect": false
        }
      ],
      "Vertices": [
        {
          "Position": {
            "X": 0,
            "Y": 0
          },
          "Mobility": 0.9,
          "Delay": 0.8,
          "Acceleration": 1,
          "Radius": 5
        },
        {
          "Position": {
            "X": 0,
            "Y": 15
          },
          "Mobility": 0.98,
          "Delay": 0.8,
          "Acceleration": 1.5,
          "Radius": 15
        },
        {
          "Position": {
            "X": 0,
            "Y": 20
          },
          "Mobility": 0.9,
          "Delay": 0.8,
          "Acceleration": 1,
          "Radius": 5
        },
        {
          "Position": {
            "X": 0,
            "Y": 25
          },
          "Mobility": 0.9,
          "Delay": 0.8,
          "Acceleration": 1,
          "Radius": 5
        },
        {
          "Position": {
            "X": 0,
            "Y": 30
          },
          "Mobility": 0.9,
          "Delay": 0.8,
          "Acceleration": 1,
          "Radius": 5
        },
        {
          "Position": {
            "X": 0,
            "Y": 35
          },
          "Mobility": 0.9,
          "Delay": 0.8,
          "Acceleration": 1,
          "Radius": 5
        }
      ],
      "Normalization": {
        "Position": {
          "Minimum": -20,
          "Default": 0,
          "Maximum": 20
        },
        "Angle": {
          "Minimum": -10,
          "Default": 0,
          "Maximum": 10
        }
      }
    },
    {
      "Id": "PhysicsSetting15",
      "Input": [
        {
          "Source": {
            "Target": "Parameter",
            "Id": "ParamAngleX"
          },
          "Weight": 20,
          "Type": "X",
          "Reflect": false
        },
        {
          "Source": {
            "Target": "Parameter",
            "Id": "ParamAngleY"
          },
          "Weight": 20,
          "Type": "X",
          "Reflect": false
        },
        {
          "Source": {
            "Target": "Parameter",
            "Id": "Param263"
          },
          "Weight": 50,
          "Type": "X",
          "Reflect": false
        }
      ],
      "Output": [
        {
          "Destination": {
            "Target": "Parameter",
            "Id": "Param103"
          },
          "VertexIndex": 2,
          "Scale": 50,
          "Weight": 60,
          "Type": "Angle",
          "Reflect": false
        },
        {
          "Destination": {
            "Target": "Parameter",
            "Id": "Param104"
          },
          "VertexIndex": 3,
          "Scale": 50,
          "Weight": 60,
          "Type": "Angle",
          "Reflect": false
        }
      ],
      "Vertices": [
        {
          "Position": {
            "X": 0,
            "Y": 0
          },
          "Mobility": 0.9,
          "Delay": 0.8,
          "Acceleration": 0.8,
          "Radius": 5
        },
        {
          "Position": {
            "X": 0,
            "Y": 10
          },
          "Mobility": 0.93,
          "Delay": 0.8,
          "Acceleration": 1.5,
          "Radius": 10
        },
        {
          "Position": {
            "X": 0,
            "Y": 15
          },
          "Mobility": 0.9,
          "Delay": 0.8,
          "Acceleration": 0.8,
          "Radius": 5
        },
        {
          "Position": {
            "X": 0,
            "Y": 20
          },
          "Mobility": 0.9,
          "Delay": 0.8,
          "Acceleration": 0.8,
          "Radius": 5
        },
        {
          "Position": {
            "X": 0,
            "Y": 25
          },
          "Mobility": 0.9,
          "Delay": 0.8,
          "Acceleration": 0.8,
          "Radius": 5
        },
        {
          "Position": {
            "X": 0,
            "Y": 30
          },
          "Mobility": 0.9,
          "Delay": 0.8,
          "Acceleration": 0.8,
          "Radius": 5
        }
      ],
      "Normalization": {
        "Position": {
          "Minimum": -20,
          "Default": 0,
          "Maximum": 20
        },
        "Angle": {
          "Minimum": -10,
          "Default": 0,
          "Maximum": 10
        }
      }
    },
    {
      "Id": "PhysicsSetting16",
      "Input": [
        {
          "Source": {
            "Target": "Parameter",
            "Id": "ParamAngleX"
          },
          "Weight": 20,
          "Type": "X",
          "Reflect": false
        },
        {
          "Source": {
            "Target": "Parameter",
            "Id": "ParamAngleY"
          },
          "Weight": 20,
          "Type": "X",
          "Reflect": false
        },
        {
          "Source": {
            "Target": "Parameter",
            "Id": "Param263"
          },
          "Weight": 50,
          "Type": "X",
          "Reflect": false
        }
      ],
      "Output": [
        {
          "Destination": {
            "Target": "Parameter",
            "Id": "Param105"
          },
          "VertexIndex": 2,
          "Scale": 50,
          "Weight": 60,
          "Type": "Angle",
          "Reflect": false
        },
        {
          "Destination": {
            "Target": "Parameter",
            "Id": "Param106"
          },
          "VertexIndex": 3,
          "Scale": 50,
          "Weight": 60,
          "Type": "Angle",
          "Reflect": false
        }
      ],
      "Vertices": [
        {
          "Position": {
            "X": 0,
            "Y": 0
          },
          "Mobility": 0.9,
          "Delay": 0.8,
          "Acceleration": 0.8,
          "Radius": 5
        },
        {
          "Position": {
            "X": 0,
            "Y": 10
          },
          "Mobility": 0.93,
          "Delay": 0.8,
          "Acceleration": 1.5,
          "Radius": 10
        },
        {
          "Position": {
            "X": 0,
            "Y": 15
          },
          "Mobility": 0.9,
          "Delay": 0.8,
          "Acceleration": 0.8,
          "Radius": 5
        },
        {
          "Position": {
            "X": 0,
            "Y": 20
          },
          "Mobility": 0.9,
          "Delay": 0.8,
          "Acceleration": 0.8,
          "Radius": 5
        },
        {
          "Position": {
            "X": 0,
            "Y": 25
          },
          "Mobility": 0.9,
          "Delay": 0.8,
          "Acceleration": 0.8,
          "Radius": 5
        },
        {
          "Position": {
            "X": 0,
            "Y": 30
          },
          "Mobility": 0.9,
          "Delay": 0.8,
          "Acceleration": 0.8,
          "Radius": 5
        }
      ],
      "Normalization": {
        "Position": {
          "Minimum": -20,
          "Default": 0,
          "Maximum": 20
        },
        "Angle": {
          "Minimum": -10,
          "Default": 0,
          "Maximum": 10
        }
      }
    },
    {
      "Id": "PhysicsSetting17",
      "Input": [
        {
          "Source": {
            "Target": "Parameter",
            "Id": "ParamAngleX"
          },
          "Weight": 25,
          "Type": "X",
          "Reflect": false
        },
        {
          "Source": {
            "Target": "Parameter",
            "Id": "ParamAngleY"
          },
          "Weight": 25,
          "Type": "X",
          "Reflect": true
        },
        {
          "Source": {
            "Target": "Parameter",
            "Id": "Param263"
          },
          "Weight": 50,
          "Type": "X",
          "Reflect": false
        }
      ],
      "Output": [
        {
          "Destination": {
            "Target": "Parameter",
            "Id": "Param_Angle_Rotation198"
          },
          "VertexIndex": 2,
          "Scale": 60,
          "Weight": 60,
          "Type": "Angle",
          "Reflect": false
        },
        {
          "Destination": {
            "Target": "Parameter",
            "Id": "Param_Angle_Rotation199"
          },
          "VertexIndex": 3,
          "Scale": 60,
          "Weight": 60,
          "Type": "Angle",
          "Reflect": false
        },
        {
          "Destination": {
            "Target": "Parameter",
            "Id": "Param_Angle_Rotation200"
          },
          "VertexIndex": 4,
          "Scale": 60,
          "Weight": 60,
          "Type": "Angle",
          "Reflect": false
        }
      ],
      "Vertices": [
        {
          "Position": {
            "X": 0,
            "Y": 0
          },
          "Mobility": 0.9,
          "Delay": 0.8,
          "Acceleration": 0.8,
          "Radius": 5
        },
        {
          "Position": {
            "X": 0,
            "Y": 10
          },
          "Mobility": 0.9,
          "Delay": 0.8,
          "Acceleration": 1,
          "Radius": 10
        },
        {
          "Position": {
            "X": 0,
            "Y": 15
          },
          "Mobility": 0.9,
          "Delay": 0.8,
          "Acceleration": 0.8,
          "Radius": 5
        },
        {
          "Position": {
            "X": 0,
            "Y": 21
          },
          "Mobility": 0.9,
          "Delay": 0.8,
          "Acceleration": 0.8,
          "Radius": 6
        },
        {
          "Position": {
            "X": 0,
            "Y": 28
          },
          "Mobility": 0.9,
          "Delay": 0.8,
          "Acceleration": 0.8,
          "Radius": 7
        },
        {
          "Position": {
            "X": 0,
            "Y": 36
          },
          "Mobility": 0.9,
          "Delay": 0.8,
          "Acceleration": 0.8,
          "Radius": 8
        }
      ],
      "Normalization": {
        "Position": {
          "Minimum": -20,
          "Default": 0,
          "Maximum": 20
        },
        "Angle": {
          "Minimum": -10,
          "Default": 0,
          "Maximum": 10
        }
      }
    },
    {
      "Id": "PhysicsSetting18",
      "Input": [
        {
          "Source": {
            "Target": "Parameter",
            "Id": "ParamAngleX"
          },
          "Weight": 25,
          "Type": "X",
          "Reflect": false
        },
        {
          "Source": {
            "Target": "Parameter",
            "Id": "ParamAngleY"
          },
          "Weight": 25,
          "Type": "X",
          "Reflect": false
        },
        {
          "Source": {
            "Target": "Parameter",
            "Id": "ParamBodyAngleY"
          },
          "Weight": 25,
          "Type": "X",
          "Reflect": false
        }
      ],
      "Output": [
        {
          "Destination": {
            "Target": "Parameter",
            "Id": "lxtwl"
          },
          "VertexIndex": 2,
          "Scale": 25,
          "Weight": 100,
          "Type": "Angle",
          "Reflect": false
        },
        {
          "Destination": {
            "Target": "Parameter",
            "Id": "ljiaowl"
          },
          "VertexIndex": 3,
          "Scale": 25,
          "Weight": 100,
          "Type": "Angle",
          "Reflect": false
        }
      ],
      "Vertices": [
        {
          "Position": {
            "X": 0,
            "Y": 0
          },
          "Mobility": 0.9,
          "Delay": 1,
          "Acceleration": 0.8,
          "Radius": 0
        },
        {
          "Position": {
            "X": 0,
            "Y": 15
          },
          "Mobility": 0.95,
          "Delay": 1,
          "Acceleration": 0.8,
          "Radius": 15
        },
        {
          "Position": {
            "X": 0,
            "Y": 23
          },
          "Mobility": 0.9,
          "Delay": 0.95,
          "Acceleration": 0.8,
          "Radius": 8
        },
        {
          "Position": {
            "X": 0,
            "Y": 32
          },
          "Mobility": 0.9,
          "Delay": 0.95,
          "Acceleration": 0.8,
          "Radius": 9
        }
      ],
      "Normalization": {
        "Position": {
          "Minimum": -10,
          "Default": 0,
          "Maximum": 10
        },
        "Angle": {
          "Minimum": -10,
          "Default": 0,
          "Maximum": 10
        }
      }
    }
  ]
}